Date,City,Country,Venue,Opening act(s),Attendance,Venue_Capacity,Tour_ID,Venue_ID
2023-03-17,Glendale,United States,State Farm Stadium,Paramore Gayle,70000.0,70000.0,6,1
2023-03-17,Glendale,United States,State Farm Stadium,Paramore Gayle,70000.0,70000.0,6,2
2023-03-18,Glendale,United States,State Farm Stadium,Paramore Gayle,70000.0,70000.0,6,1
2023-03-18,Glendale,United States,State Farm Stadium,Paramore Gayle,70000.0,70000.0,6,2
2023-03-24,Paradise,United States,Allegiant Stadium,Beabadoobee Gayle,,,6,3
2023-03-24,Paradise,United States,Allegiant Stadium,Beabadoobee Gayle,,,6,4
2023-03-25,Paradise,United States,Allegiant Stadium,Beabadoobee Gayle,,,6,3
2023-03-25,Paradise,United States,Allegiant Stadium,Beabadoobee Gayle,,,6,4
2023-03-31,Arlington,United States,AT&T Stadium,Muna Gayle,70203.0,70203.0,6,5
2023-03-31,Arlington,United States,AT&T Stadium,Muna Gayle,70203.0,70203.0,6,6
2023-03-31,Arlington,United States,AT&T Stadium,Muna Gayle,70203.0,70203.0,6,7
2023-03-31,Arlington,United States,AT&T Stadium,Muna Gayle,70203.0,70203.0,6,525
2023-03-31,Arlington,United States,AT&T Stadium,Muna Gayle,70203.0,70203.0,6,587
2023-03-31,Arlington,United States,AT&T Stadium,Muna Gayle,70203.0,70203.0,6,588
2023-04-01,Arlington,United States,AT&T Stadium,Beabadoobee Gracie Abrams,70202.0,70202.0,6,5
2023-04-01,Arlington,United States,AT&T Stadium,Beabadoobee Gracie Abrams,70202.0,70202.0,6,6
2023-04-01,Arlington,United States,AT&T Stadium,Beabadoobee Gracie Abrams,70202.0,70202.0,6,7
2023-04-01,Arlington,United States,AT&T Stadium,Beabadoobee Gracie Abrams,70202.0,70202.0,6,525
2023-04-01,Arlington,United States,AT&T Stadium,Beabadoobee Gracie Abrams,70202.0,70202.0,6,587
2023-04-01,Arlington,United States,AT&T Stadium,Beabadoobee Gracie Abrams,70202.0,70202.0,6,588
2023-04-02,Arlington,United States,AT&T Stadium,Beabadoobee Gracie Abrams,70202.0,70202.0,6,5
2023-04-02,Arlington,United States,AT&T Stadium,Beabadoobee Gracie Abrams,70202.0,70202.0,6,6
2023-04-02,Arlington,United States,AT&T Stadium,Beabadoobee Gracie Abrams,70202.0,70202.0,6,7
2023-04-02,Arlington,United States,AT&T Stadium,Beabadoobee Gracie Abrams,70202.0,70202.0,6,525
2023-04-02,Arlington,United States,AT&T Stadium,Beabadoobee Gracie Abrams,70202.0,70202.0,6,587
2023-04-02,Arlington,United States,AT&T Stadium,Beabadoobee Gracie Abrams,70202.0,70202.0,6,588
2023-04-13,Tampa,United States,Raymond James Stadium,Beabadoobee Gayle,68820.0,68820.0,6,8
2023-04-13,Tampa,United States,Raymond James Stadium,Beabadoobee Gayle,68820.0,68820.0,6,9
2023-04-13,Tampa,United States,Raymond James Stadium,Beabadoobee Gayle,68820.0,68820.0,6,10
2023-04-13,Tampa,United States,Raymond James Stadium,Beabadoobee Gayle,68820.0,68820.0,6,530
2023-04-13,Tampa,United States,Raymond James Stadium,Beabadoobee Gayle,68820.0,68820.0,6,576
2023-04-14,Tampa,United States,Raymond James Stadium,Beabadoobee Gracie Abrams,68820.0,68820.0,6,8
2023-04-14,Tampa,United States,Raymond James Stadium,Beabadoobee Gracie Abrams,68820.0,68820.0,6,9
2023-04-14,Tampa,United States,Raymond James Stadium,Beabadoobee Gracie Abrams,68820.0,68820.0,6,10
2023-04-14,Tampa,United States,Raymond James Stadium,Beabadoobee Gracie Abrams,68820.0,68820.0,6,530
2023-04-14,Tampa,United States,Raymond James Stadium,Beabadoobee Gracie Abrams,68820.0,68820.0,6,576
2023-04-15,Tampa,United States,Raymond James Stadium,Beabadoobee Gracie Abrams,68819.0,68819.0,6,8
2023-04-15,Tampa,United States,Raymond James Stadium,Beabadoobee Gracie Abrams,68819.0,68819.0,6,9
2023-04-15,Tampa,United States,Raymond James Stadium,Beabadoobee Gracie Abrams,68819.0,68819.0,6,10
2023-04-15,Tampa,United States,Raymond James Stadium,Beabadoobee Gracie Abrams,68819.0,68819.0,6,530
2023-04-15,Tampa,United States,Raymond James Stadium,Beabadoobee Gracie Abrams,68819.0,68819.0,6,576
2023-04-21,Houston,United States,NRG Stadium,Beabadoobee Gracie Abrams,72220.0,72220.0,6,11
2023-04-21,Houston,United States,NRG Stadium,Beabadoobee Gracie Abrams,72220.0,72220.0,6,12
2023-04-21,Houston,United States,NRG Stadium,Beabadoobee Gracie Abrams,72220.0,72220.0,6,13
2023-04-21,Houston,United States,NRG Stadium,Beabadoobee Gracie Abrams,72220.0,72220.0,6,586
2023-04-22,Houston,United States,NRG Stadium,Beabadoobee Gracie Abrams,72220.0,72220.0,6,11
2023-04-22,Houston,United States,NRG Stadium,Beabadoobee Gracie Abrams,72220.0,72220.0,6,12
2023-04-22,Houston,United States,NRG Stadium,Beabadoobee Gracie Abrams,72220.0,72220.0,6,13
2023-04-22,Houston,United States,NRG Stadium,Beabadoobee Gracie Abrams,72220.0,72220.0,6,586
2023-04-23,Houston,United States,NRG Stadium,Beabadoobee Gracie Abrams,72220.0,72220.0,6,11
2023-04-23,Houston,United States,NRG Stadium,Beabadoobee Gracie Abrams,72220.0,72220.0,6,12
2023-04-23,Houston,United States,NRG Stadium,Beabadoobee Gracie Abrams,72220.0,72220.0,6,13
2023-04-23,Houston,United States,NRG Stadium,Beabadoobee Gracie Abrams,72220.0,72220.0,6,586
2023-04-28,Atlanta,United States,Mercedes-Benz Stadium,Beabadoobee Gracie Abrams,70000.0,70000.0,6,14
2023-04-28,Atlanta,United States,Mercedes-Benz Stadium,Beabadoobee Gracie Abrams,70000.0,70000.0,6,15
2023-04-28,Atlanta,United States,Mercedes-Benz Stadium,Beabadoobee Gracie Abrams,70000.0,70000.0,6,16
2023-04-28,Atlanta,United States,Mercedes-Benz Stadium,Beabadoobee Gracie Abrams,70000.0,70000.0,6,574
2023-04-28,Atlanta,United States,Mercedes-Benz Stadium,Beabadoobee Gracie Abrams,70000.0,70000.0,6,575
2023-04-29,Atlanta,United States,Mercedes-Benz Stadium,Beabadoobee Gracie Abrams,70000.0,70000.0,6,14
2023-04-29,Atlanta,United States,Mercedes-Benz Stadium,Beabadoobee Gracie Abrams,70000.0,70000.0,6,15
2023-04-29,Atlanta,United States,Mercedes-Benz Stadium,Beabadoobee Gracie Abrams,70000.0,70000.0,6,16
2023-04-29,Atlanta,United States,Mercedes-Benz Stadium,Beabadoobee Gracie Abrams,70000.0,70000.0,6,574
2023-04-29,Atlanta,United States,Mercedes-Benz Stadium,Beabadoobee Gracie Abrams,70000.0,70000.0,6,575
2023-04-30,Atlanta,United States,Mercedes-Benz Stadium,Muna Gayle,70000.0,70000.0,6,14
2023-04-30,Atlanta,United States,Mercedes-Benz Stadium,Muna Gayle,70000.0,70000.0,6,15
2023-04-30,Atlanta,United States,Mercedes-Benz Stadium,Muna Gayle,70000.0,70000.0,6,16
2023-04-30,Atlanta,United States,Mercedes-Benz Stadium,Muna Gayle,70000.0,70000.0,6,574
2023-04-30,Atlanta,United States,Mercedes-Benz Stadium,Muna Gayle,70000.0,70000.0,6,575
2023-05-05,Nashville,United States,Nissan Stadium,Phoebe Bridgers Gracie Abrams,71000.0,71000.0,6,17
2023-05-05,Nashville,United States,Nissan Stadium,Phoebe Bridgers Gracie Abrams,71000.0,71000.0,6,18
2023-05-05,Nashville,United States,Nissan Stadium,Phoebe Bridgers Gracie Abrams,71000.0,71000.0,6,19
2023-05-05,Nashville,United States,Nissan Stadium,Phoebe Bridgers Gracie Abrams,71000.0,71000.0,6,578
2023-05-06,Nashville,United States,Nissan Stadium,Phoebe Bridgers Gayle,71000.0,71000.0,6,17
2023-05-06,Nashville,United States,Nissan Stadium,Phoebe Bridgers Gayle,71000.0,71000.0,6,18
2023-05-06,Nashville,United States,Nissan Stadium,Phoebe Bridgers Gayle,71000.0,71000.0,6,19
2023-05-06,Nashville,United States,Nissan Stadium,Phoebe Bridgers Gayle,71000.0,71000.0,6,578
2023-05-07,Nashville,United States,Nissan Stadium,—,71000.0,71000.0,6,17
2023-05-07,Nashville,United States,Nissan Stadium,—,71000.0,71000.0,6,18
2023-05-07,Nashville,United States,Nissan Stadium,—,71000.0,71000.0,6,19
2023-05-07,Nashville,United States,Nissan Stadium,—,71000.0,71000.0,6,578
2023-05-12,Philadelphia,United States,Lincoln Financial Field,Phoebe Bridgers Gayle,67567.0,67567.0,6,20
2023-05-12,Philadelphia,United States,Lincoln Financial Field,Phoebe Bridgers Gayle,67567.0,67567.0,6,21
2023-05-12,Philadelphia,United States,Lincoln Financial Field,Phoebe Bridgers Gayle,67567.0,67567.0,6,22
2023-05-12,Philadelphia,United States,Lincoln Financial Field,Phoebe Bridgers Gayle,67567.0,67567.0,6,311
2023-05-12,Philadelphia,United States,Lincoln Financial Field,Phoebe Bridgers Gayle,67567.0,67567.0,6,411
2023-05-12,Philadelphia,United States,Lincoln Financial Field,Phoebe Bridgers Gayle,67567.0,67567.0,6,412
2023-05-12,Philadelphia,United States,Lincoln Financial Field,Phoebe Bridgers Gayle,67567.0,67567.0,6,469
2023-05-12,Philadelphia,United States,Lincoln Financial Field,Phoebe Bridgers Gayle,67567.0,67567.0,6,470
2023-05-12,Philadelphia,United States,Lincoln Financial Field,Phoebe Bridgers Gayle,67567.0,67567.0,6,562
2023-05-12,Philadelphia,United States,Lincoln Financial Field,Phoebe Bridgers Gayle,67567.0,67567.0,6,563
2023-05-13,Philadelphia,United States,Lincoln Financial Field,Phoebe Bridgers Gayle,67567.0,67567.0,6,20
2023-05-13,Philadelphia,United States,Lincoln Financial Field,Phoebe Bridgers Gayle,67567.0,67567.0,6,21
2023-05-13,Philadelphia,United States,Lincoln Financial Field,Phoebe Bridgers Gayle,67567.0,67567.0,6,22
2023-05-13,Philadelphia,United States,Lincoln Financial Field,Phoebe Bridgers Gayle,67567.0,67567.0,6,311
2023-05-13,Philadelphia,United States,Lincoln Financial Field,Phoebe Bridgers Gayle,67567.0,67567.0,6,411
2023-05-13,Philadelphia,United States,Lincoln Financial Field,Phoebe Bridgers Gayle,67567.0,67567.0,6,412
2023-05-13,Philadelphia,United States,Lincoln Financial Field,Phoebe Bridgers Gayle,67567.0,67567.0,6,469
2023-05-13,Philadelphia,United States,Lincoln Financial Field,Phoebe Bridgers Gayle,67567.0,67567.0,6,470
2023-05-13,Philadelphia,United States,Lincoln Financial Field,Phoebe Bridgers Gayle,67567.0,67567.0,6,562
2023-05-13,Philadelphia,United States,Lincoln Financial Field,Phoebe Bridgers Gayle,67567.0,67567.0,6,563
2023-05-14,Philadelphia,United States,Lincoln Financial Field,Phoebe Bridgers Gracie Abrams,67566.0,67566.0,6,20
2023-05-14,Philadelphia,United States,Lincoln Financial Field,Phoebe Bridgers Gracie Abrams,67566.0,67566.0,6,21
2023-05-14,Philadelphia,United States,Lincoln Financial Field,Phoebe Bridgers Gracie Abrams,67566.0,67566.0,6,22
2023-05-14,Philadelphia,United States,Lincoln Financial Field,Phoebe Bridgers Gracie Abrams,67566.0,67566.0,6,311
2023-05-14,Philadelphia,United States,Lincoln Financial Field,Phoebe Bridgers Gracie Abrams,67566.0,67566.0,6,411
2023-05-14,Philadelphia,United States,Lincoln Financial Field,Phoebe Bridgers Gracie Abrams,67566.0,67566.0,6,412
2023-05-14,Philadelphia,United States,Lincoln Financial Field,Phoebe Bridgers Gracie Abrams,67566.0,67566.0,6,469
2023-05-14,Philadelphia,United States,Lincoln Financial Field,Phoebe Bridgers Gracie Abrams,67566.0,67566.0,6,470
2023-05-14,Philadelphia,United States,Lincoln Financial Field,Phoebe Bridgers Gracie Abrams,67566.0,67566.0,6,562
2023-05-14,Philadelphia,United States,Lincoln Financial Field,Phoebe Bridgers Gracie Abrams,67566.0,67566.0,6,563
2023-05-19,Foxborough,United States,Gillette Stadium,Phoebe Bridgers Gayle,66667.0,66667.0,6,23
2023-05-19,Foxborough,United States,Gillette Stadium,Phoebe Bridgers Gayle,66667.0,66667.0,6,24
2023-05-19,Foxborough,United States,Gillette Stadium,Phoebe Bridgers Gayle,66667.0,66667.0,6,25
2023-05-19,Foxborough,United States,Gillette Stadium,Phoebe Bridgers Gayle,66667.0,66667.0,6,259
2023-05-19,Foxborough,United States,Gillette Stadium,Phoebe Bridgers Gayle,66667.0,66667.0,6,295
2023-05-19,Foxborough,United States,Gillette Stadium,Phoebe Bridgers Gayle,66667.0,66667.0,6,296
2023-05-19,Foxborough,United States,Gillette Stadium,Phoebe Bridgers Gayle,66667.0,66667.0,6,413
2023-05-19,Foxborough,United States,Gillette Stadium,Phoebe Bridgers Gayle,66667.0,66667.0,6,414
2023-05-19,Foxborough,United States,Gillette Stadium,Phoebe Bridgers Gayle,66667.0,66667.0,6,487
2023-05-19,Foxborough,United States,Gillette Stadium,Phoebe Bridgers Gayle,66667.0,66667.0,6,488
2023-05-19,Foxborough,United States,Gillette Stadium,Phoebe Bridgers Gayle,66667.0,66667.0,6,568
2023-05-19,Foxborough,United States,Gillette Stadium,Phoebe Bridgers Gayle,66667.0,66667.0,6,569
2023-05-19,Foxborough,United States,Gillette Stadium,Phoebe Bridgers Gayle,66667.0,66667.0,6,570
2023-05-20,Foxborough,United States,Gillette Stadium,Phoebe Bridgers Gayle,66667.0,66667.0,6,23
2023-05-20,Foxborough,United States,Gillette Stadium,Phoebe Bridgers Gayle,66667.0,66667.0,6,24
2023-05-20,Foxborough,United States,Gillette Stadium,Phoebe Bridgers Gayle,66667.0,66667.0,6,25
2023-05-20,Foxborough,United States,Gillette Stadium,Phoebe Bridgers Gayle,66667.0,66667.0,6,259
2023-05-20,Foxborough,United States,Gillette Stadium,Phoebe Bridgers Gayle,66667.0,66667.0,6,295
2023-05-20,Foxborough,United States,Gillette Stadium,Phoebe Bridgers Gayle,66667.0,66667.0,6,296
2023-05-20,Foxborough,United States,Gillette Stadium,Phoebe Bridgers Gayle,66667.0,66667.0,6,413
2023-05-20,Foxborough,United States,Gillette Stadium,Phoebe Bridgers Gayle,66667.0,66667.0,6,414
2023-05-20,Foxborough,United States,Gillette Stadium,Phoebe Bridgers Gayle,66667.0,66667.0,6,487
2023-05-20,Foxborough,United States,Gillette Stadium,Phoebe Bridgers Gayle,66667.0,66667.0,6,488
2023-05-20,Foxborough,United States,Gillette Stadium,Phoebe Bridgers Gayle,66667.0,66667.0,6,568
2023-05-20,Foxborough,United States,Gillette Stadium,Phoebe Bridgers Gayle,66667.0,66667.0,6,569
2023-05-20,Foxborough,United States,Gillette Stadium,Phoebe Bridgers Gayle,66667.0,66667.0,6,570
2023-05-21,Foxborough,United States,Gillette Stadium,Phoebe Bridgers Gracie Abrams,66666.0,66666.0,6,23
2023-05-21,Foxborough,United States,Gillette Stadium,Phoebe Bridgers Gracie Abrams,66666.0,66666.0,6,24
2023-05-21,Foxborough,United States,Gillette Stadium,Phoebe Bridgers Gracie Abrams,66666.0,66666.0,6,25
2023-05-21,Foxborough,United States,Gillette Stadium,Phoebe Bridgers Gracie Abrams,66666.0,66666.0,6,259
2023-05-21,Foxborough,United States,Gillette Stadium,Phoebe Bridgers Gracie Abrams,66666.0,66666.0,6,295
2023-05-21,Foxborough,United States,Gillette Stadium,Phoebe Bridgers Gracie Abrams,66666.0,66666.0,6,296
2023-05-21,Foxborough,United States,Gillette Stadium,Phoebe Bridgers Gracie Abrams,66666.0,66666.0,6,413
2023-05-21,Foxborough,United States,Gillette Stadium,Phoebe Bridgers Gracie Abrams,66666.0,66666.0,6,414
2023-05-21,Foxborough,United States,Gillette Stadium,Phoebe Bridgers Gracie Abrams,66666.0,66666.0,6,487
2023-05-21,Foxborough,United States,Gillette Stadium,Phoebe Bridgers Gracie Abrams,66666.0,66666.0,6,488
2023-05-21,Foxborough,United States,Gillette Stadium,Phoebe Bridgers Gracie Abrams,66666.0,66666.0,6,568
2023-05-21,Foxborough,United States,Gillette Stadium,Phoebe Bridgers Gracie Abrams,66666.0,66666.0,6,569
2023-05-21,Foxborough,United States,Gillette Stadium,Phoebe Bridgers Gracie Abrams,66666.0,66666.0,6,570
2023-05-26,East Rutherford,United States,MetLife Stadium,Phoebe Bridgers Gayle,72545.0,72545.0,6,26
2023-05-26,East Rutherford,United States,MetLife Stadium,Phoebe Bridgers Gayle,72545.0,72545.0,6,27
2023-05-26,East Rutherford,United States,MetLife Stadium,Phoebe Bridgers Gayle,72545.0,72545.0,6,28
2023-05-26,East Rutherford,United States,MetLife Stadium,Phoebe Bridgers Gayle,72545.0,72545.0,6,410
2023-05-26,East Rutherford,United States,MetLife Stadium,Phoebe Bridgers Gayle,72545.0,72545.0,6,481
2023-05-26,East Rutherford,United States,MetLife Stadium,Phoebe Bridgers Gayle,72545.0,72545.0,6,482
2023-05-26,East Rutherford,United States,MetLife Stadium,Phoebe Bridgers Gayle,72545.0,72545.0,6,565
2023-05-26,East Rutherford,United States,MetLife Stadium,Phoebe Bridgers Gayle,72545.0,72545.0,6,566
2023-05-26,East Rutherford,United States,MetLife Stadium,Phoebe Bridgers Gayle,72545.0,72545.0,6,567
2023-05-27,East Rutherford,United States,MetLife Stadium,Phoebe Bridgers Gracie Abrams,72545.0,72545.0,6,26
2023-05-27,East Rutherford,United States,MetLife Stadium,Phoebe Bridgers Gracie Abrams,72545.0,72545.0,6,27
2023-05-27,East Rutherford,United States,MetLife Stadium,Phoebe Bridgers Gracie Abrams,72545.0,72545.0,6,28
2023-05-27,East Rutherford,United States,MetLife Stadium,Phoebe Bridgers Gracie Abrams,72545.0,72545.0,6,410
2023-05-27,East Rutherford,United States,MetLife Stadium,Phoebe Bridgers Gracie Abrams,72545.0,72545.0,6,481
2023-05-27,East Rutherford,United States,MetLife Stadium,Phoebe Bridgers Gracie Abrams,72545.0,72545.0,6,482
2023-05-27,East Rutherford,United States,MetLife Stadium,Phoebe Bridgers Gracie Abrams,72545.0,72545.0,6,565
2023-05-27,East Rutherford,United States,MetLife Stadium,Phoebe Bridgers Gracie Abrams,72545.0,72545.0,6,566
2023-05-27,East Rutherford,United States,MetLife Stadium,Phoebe Bridgers Gracie Abrams,72545.0,72545.0,6,567
2023-05-28,East Rutherford,United States,MetLife Stadium,Phoebe Bridgers Owenn,72545.0,72545.0,6,26
2023-05-28,East Rutherford,United States,MetLife Stadium,Phoebe Bridgers Owenn,72545.0,72545.0,6,27
2023-05-28,East Rutherford,United States,MetLife Stadium,Phoebe Bridgers Owenn,72545.0,72545.0,6,28
2023-05-28,East Rutherford,United States,MetLife Stadium,Phoebe Bridgers Owenn,72545.0,72545.0,6,410
2023-05-28,East Rutherford,United States,MetLife Stadium,Phoebe Bridgers Owenn,72545.0,72545.0,6,481
2023-05-28,East Rutherford,United States,MetLife Stadium,Phoebe Bridgers Owenn,72545.0,72545.0,6,482
2023-05-28,East Rutherford,United States,MetLife Stadium,Phoebe Bridgers Owenn,72545.0,72545.0,6,565
2023-05-28,East Rutherford,United States,MetLife Stadium,Phoebe Bridgers Owenn,72545.0,72545.0,6,566
2023-05-28,East Rutherford,United States,MetLife Stadium,Phoebe Bridgers Owenn,72545.0,72545.0,6,567
2023-06-02,Chicago,United States,Soldier Field,Girl in Red Owenn,50000.0,50000.0,6,29
2023-06-02,Chicago,United States,Soldier Field,Girl in Red Owenn,50000.0,50000.0,6,30
2023-06-02,Chicago,United States,Soldier Field,Girl in Red Owenn,50000.0,50000.0,6,31
2023-06-02,Chicago,United States,Soldier Field,Girl in Red Owenn,50000.0,50000.0,6,420
2023-06-02,Chicago,United States,Soldier Field,Girl in Red Owenn,50000.0,50000.0,6,485
2023-06-02,Chicago,United States,Soldier Field,Girl in Red Owenn,50000.0,50000.0,6,486
2023-06-02,Chicago,United States,Soldier Field,Girl in Red Owenn,50000.0,50000.0,6,550
2023-06-02,Chicago,United States,Soldier Field,Girl in Red Owenn,50000.0,50000.0,6,551
2023-06-03,Chicago,United States,Soldier Field,Girl in Red Owenn,50000.0,50000.0,6,29
2023-06-03,Chicago,United States,Soldier Field,Girl in Red Owenn,50000.0,50000.0,6,30
2023-06-03,Chicago,United States,Soldier Field,Girl in Red Owenn,50000.0,50000.0,6,31
2023-06-03,Chicago,United States,Soldier Field,Girl in Red Owenn,50000.0,50000.0,6,420
2023-06-03,Chicago,United States,Soldier Field,Girl in Red Owenn,50000.0,50000.0,6,485
2023-06-03,Chicago,United States,Soldier Field,Girl in Red Owenn,50000.0,50000.0,6,486
2023-06-03,Chicago,United States,Soldier Field,Girl in Red Owenn,50000.0,50000.0,6,550
2023-06-03,Chicago,United States,Soldier Field,Girl in Red Owenn,50000.0,50000.0,6,551
2023-06-04,Chicago,United States,Soldier Field,Muna Gracie Abrams,50000.0,50000.0,6,29
2023-06-04,Chicago,United States,Soldier Field,Muna Gracie Abrams,50000.0,50000.0,6,30
2023-06-04,Chicago,United States,Soldier Field,Muna Gracie Abrams,50000.0,50000.0,6,31
2023-06-04,Chicago,United States,Soldier Field,Muna Gracie Abrams,50000.0,50000.0,6,420
2023-06-04,Chicago,United States,Soldier Field,Muna Gracie Abrams,50000.0,50000.0,6,485
2023-06-04,Chicago,United States,Soldier Field,Muna Gracie Abrams,50000.0,50000.0,6,486
2023-06-04,Chicago,United States,Soldier Field,Muna Gracie Abrams,50000.0,50000.0,6,550
2023-06-04,Chicago,United States,Soldier Field,Muna Gracie Abrams,50000.0,50000.0,6,551
2023-06-09,Detroit,United States,Ford Field,Girl in Red Gracie Abrams,59331.0,59331.0,6,32
2023-06-09,Detroit,United States,Ford Field,Girl in Red Gracie Abrams,59331.0,59331.0,6,33
2023-06-09,Detroit,United States,Ford Field,Girl in Red Gracie Abrams,59331.0,59331.0,6,289
2023-06-09,Detroit,United States,Ford Field,Girl in Red Gracie Abrams,59331.0,59331.0,6,390
2023-06-09,Detroit,United States,Ford Field,Girl in Red Gracie Abrams,59331.0,59331.0,6,463
2023-06-09,Detroit,United States,Ford Field,Girl in Red Gracie Abrams,59331.0,59331.0,6,579
2023-06-10,Detroit,United States,Ford Field,Girl in Red Owenn,59330.0,59330.0,6,32
2023-06-10,Detroit,United States,Ford Field,Girl in Red Owenn,59330.0,59330.0,6,33
2023-06-10,Detroit,United States,Ford Field,Girl in Red Owenn,59330.0,59330.0,6,289
2023-06-10,Detroit,United States,Ford Field,Girl in Red Owenn,59330.0,59330.0,6,390
2023-06-10,Detroit,United States,Ford Field,Girl in Red Owenn,59330.0,59330.0,6,463
2023-06-10,Detroit,United States,Ford Field,Girl in Red Owenn,59330.0,59330.0,6,579
2023-06-16,Pittsburgh,United States,Acrisure Stadium,Girl in Red Gracie Abrams,73117.0,73117.0,6,34
2023-06-16,Pittsburgh,United States,Acrisure Stadium,Girl in Red Gracie Abrams,73117.0,73117.0,6,35
2023-06-17,Pittsburgh,United States,Acrisure Stadium,Girl in Red Owenn,73117.0,73117.0,6,34
2023-06-17,Pittsburgh,United States,Acrisure Stadium,Girl in Red Owenn,73117.0,73117.0,6,35
2023-06-23,Minneapolis,United States,U.S. Bank Stadium,Girl in Red Gracie Abrams,64453.0,64453.0,6,36
2023-06-23,Minneapolis,United States,U.S. Bank Stadium,Girl in Red Gracie Abrams,64453.0,64453.0,6,37
2023-06-23,Minneapolis,United States,U.S. Bank Stadium,Girl in Red Gracie Abrams,64453.0,64453.0,6,580
2023-06-23,Minneapolis,United States,U.S. Bank Stadium,Girl in Red Gracie Abrams,64453.0,64453.0,6,581
2023-06-24,Minneapolis,United States,U.S. Bank Stadium,Girl in Red Owenn,64453.0,64453.0,6,36
2023-06-24,Minneapolis,United States,U.S. Bank Stadium,Girl in Red Owenn,64453.0,64453.0,6,37
2023-06-24,Minneapolis,United States,U.S. Bank Stadium,Girl in Red Owenn,64453.0,64453.0,6,580
2023-06-24,Minneapolis,United States,U.S. Bank Stadium,Girl in Red Owenn,64453.0,64453.0,6,581
2023-06-30,Cincinnati,United States,Paycor Stadium,Muna Gracie Abrams,65000.0,65000.0,6,38
2023-06-30,Cincinnati,United States,Paycor Stadium,Muna Gracie Abrams,65000.0,65000.0,6,39
2023-07-01,Cincinnati,United States,Paycor Stadium,Muna,65000.0,65000.0,6,38
2023-07-01,Cincinnati,United States,Paycor Stadium,Muna,65000.0,65000.0,6,39
2023-07-07,Kansas City,United States,GEHA Field at Arrowhead Stadium,Muna Gracie Abrams,55000.0,55000.0,6,40
2023-07-07,Kansas City,United States,GEHA Field at Arrowhead Stadium,Muna Gracie Abrams,55000.0,55000.0,6,41
2023-07-08,Kansas City,United States,GEHA Field at Arrowhead Stadium,Muna Gracie Abrams,55000.0,55000.0,6,40
2023-07-08,Kansas City,United States,GEHA Field at Arrowhead Stadium,Muna Gracie Abrams,55000.0,55000.0,6,41
2023-07-14,Denver,United States,Empower Field at Mile High,Muna Gracie Abrams,75000.0,75000.0,6,42
2023-07-14,Denver,United States,Empower Field at Mile High,Muna Gracie Abrams,75000.0,75000.0,6,43
2023-07-15,Denver,United States,Empower Field at Mile High,Muna Gracie Abrams,75000.0,75000.0,6,42
2023-07-15,Denver,United States,Empower Field at Mile High,Muna Gracie Abrams,75000.0,75000.0,6,43
2023-07-22,Seattle,United States,Lumen Field,Haim Gracie Abrams,72171.0,72171.0,6,44
2023-07-22,Seattle,United States,Lumen Field,Haim Gracie Abrams,72171.0,72171.0,6,45
2023-07-23,Seattle,United States,Lumen Field,Haim Gracie Abrams,72171.0,72171.0,6,44
2023-07-23,Seattle,United States,Lumen Field,Haim Gracie Abrams,72171.0,72171.0,6,45
2023-07-28,Santa Clara,United States,Levi's Stadium,Haim Gracie Abrams,70000.0,70000.0,6,46
2023-07-28,Santa Clara,United States,Levi's Stadium,Haim Gracie Abrams,70000.0,70000.0,6,47
2023-07-28,Santa Clara,United States,Levi's Stadium,Haim Gracie Abrams,70000.0,70000.0,6,493
2023-07-28,Santa Clara,United States,Levi's Stadium,Haim Gracie Abrams,70000.0,70000.0,6,494
2023-07-28,Santa Clara,United States,Levi's Stadium,Haim Gracie Abrams,70000.0,70000.0,6,544
2023-07-28,Santa Clara,United States,Levi's Stadium,Haim Gracie Abrams,70000.0,70000.0,6,545
2023-07-29,Santa Clara,United States,Levi's Stadium,Haim Gracie Abrams,70000.0,70000.0,6,46
2023-07-29,Santa Clara,United States,Levi's Stadium,Haim Gracie Abrams,70000.0,70000.0,6,47
2023-07-29,Santa Clara,United States,Levi's Stadium,Haim Gracie Abrams,70000.0,70000.0,6,493
2023-07-29,Santa Clara,United States,Levi's Stadium,Haim Gracie Abrams,70000.0,70000.0,6,494
2023-07-29,Santa Clara,United States,Levi's Stadium,Haim Gracie Abrams,70000.0,70000.0,6,544
2023-07-29,Santa Clara,United States,Levi's Stadium,Haim Gracie Abrams,70000.0,70000.0,6,545
2023-08-03,Inglewood,United States,SoFi Stadium,Haim Gracie Abrams,70000.0,70000.0,6,48
2023-08-03,Inglewood,United States,SoFi Stadium,Haim Gracie Abrams,70000.0,70000.0,6,49
2023-08-03,Inglewood,United States,SoFi Stadium,Haim Gracie Abrams,70000.0,70000.0,6,50
2023-08-03,Inglewood,United States,SoFi Stadium,Haim Gracie Abrams,70000.0,70000.0,6,51
2023-08-03,Inglewood,United States,SoFi Stadium,Haim Gracie Abrams,70000.0,70000.0,6,52
2023-08-03,Inglewood,United States,SoFi Stadium,Haim Gracie Abrams,70000.0,70000.0,6,53
2023-08-04,Inglewood,United States,SoFi Stadium,Haim Owenn,70000.0,70000.0,6,48
2023-08-04,Inglewood,United States,SoFi Stadium,Haim Owenn,70000.0,70000.0,6,49
2023-08-04,Inglewood,United States,SoFi Stadium,Haim Owenn,70000.0,70000.0,6,50
2023-08-04,Inglewood,United States,SoFi Stadium,Haim Owenn,70000.0,70000.0,6,51
2023-08-04,Inglewood,United States,SoFi Stadium,Haim Owenn,70000.0,70000.0,6,52
2023-08-04,Inglewood,United States,SoFi Stadium,Haim Owenn,70000.0,70000.0,6,53
2023-08-05,Inglewood,United States,SoFi Stadium,Haim Gayle,70000.0,70000.0,6,48
2023-08-05,Inglewood,United States,SoFi Stadium,Haim Gayle,70000.0,70000.0,6,49
2023-08-05,Inglewood,United States,SoFi Stadium,Haim Gayle,70000.0,70000.0,6,50
2023-08-05,Inglewood,United States,SoFi Stadium,Haim Gayle,70000.0,70000.0,6,51
2023-08-05,Inglewood,United States,SoFi Stadium,Haim Gayle,70000.0,70000.0,6,52
2023-08-05,Inglewood,United States,SoFi Stadium,Haim Gayle,70000.0,70000.0,6,53
2023-08-07,Inglewood,United States,SoFi Stadium,Haim Gracie Abrams,70000.0,70000.0,6,48
2023-08-07,Inglewood,United States,SoFi Stadium,Haim Gracie Abrams,70000.0,70000.0,6,49
2023-08-07,Inglewood,United States,SoFi Stadium,Haim Gracie Abrams,70000.0,70000.0,6,50
2023-08-07,Inglewood,United States,SoFi Stadium,Haim Gracie Abrams,70000.0,70000.0,6,51
2023-08-07,Inglewood,United States,SoFi Stadium,Haim Gracie Abrams,70000.0,70000.0,6,52
2023-08-07,Inglewood,United States,SoFi Stadium,Haim Gracie Abrams,70000.0,70000.0,6,53
2023-08-08,Inglewood,United States,SoFi Stadium,Haim Gracie Abrams,70000.0,70000.0,6,48
2023-08-08,Inglewood,United States,SoFi Stadium,Haim Gracie Abrams,70000.0,70000.0,6,49
2023-08-08,Inglewood,United States,SoFi Stadium,Haim Gracie Abrams,70000.0,70000.0,6,50
2023-08-08,Inglewood,United States,SoFi Stadium,Haim Gracie Abrams,70000.0,70000.0,6,51
2023-08-08,Inglewood,United States,SoFi Stadium,Haim Gracie Abrams,70000.0,70000.0,6,52
2023-08-08,Inglewood,United States,SoFi Stadium,Haim Gracie Abrams,70000.0,70000.0,6,53
2023-08-09,Inglewood,United States,SoFi Stadium,Haim Gayle,70000.0,70000.0,6,48
2023-08-09,Inglewood,United States,SoFi Stadium,Haim Gayle,70000.0,70000.0,6,49
2023-08-09,Inglewood,United States,SoFi Stadium,Haim Gayle,70000.0,70000.0,6,50
2023-08-09,Inglewood,United States,SoFi Stadium,Haim Gayle,70000.0,70000.0,6,51
2023-08-09,Inglewood,United States,SoFi Stadium,Haim Gayle,70000.0,70000.0,6,52
2023-08-09,Inglewood,United States,SoFi Stadium,Haim Gayle,70000.0,70000.0,6,53
2023-08-24,Mexico City,Mexico,Foro Sol,Sabrina Carpenter,45000.0,45000.0,6,54
2023-08-24,Mexico City,Mexico,Foro Sol,Sabrina Carpenter,45000.0,45000.0,6,55
2023-08-24,Mexico City,Mexico,Foro Sol,Sabrina Carpenter,45000.0,45000.0,6,56
2023-08-24,Mexico City,Mexico,Foro Sol,Sabrina Carpenter,45000.0,45000.0,6,57
2023-08-25,Mexico City,Mexico,Foro Sol,Sabrina Carpenter,45000.0,45000.0,6,54
2023-08-25,Mexico City,Mexico,Foro Sol,Sabrina Carpenter,45000.0,45000.0,6,55
2023-08-25,Mexico City,Mexico,Foro Sol,Sabrina Carpenter,45000.0,45000.0,6,56
2023-08-25,Mexico City,Mexico,Foro Sol,Sabrina Carpenter,45000.0,45000.0,6,57
2023-08-26,Mexico City,Mexico,Foro Sol,Sabrina Carpenter,45000.0,45000.0,6,54
2023-08-26,Mexico City,Mexico,Foro Sol,Sabrina Carpenter,45000.0,45000.0,6,55
2023-08-26,Mexico City,Mexico,Foro Sol,Sabrina Carpenter,45000.0,45000.0,6,56
2023-08-26,Mexico City,Mexico,Foro Sol,Sabrina Carpenter,45000.0,45000.0,6,57
2023-08-27,Mexico City,Mexico,Foro Sol,Sabrina Carpenter,45000.0,45000.0,6,54
2023-08-27,Mexico City,Mexico,Foro Sol,Sabrina Carpenter,45000.0,45000.0,6,55
2023-08-27,Mexico City,Mexico,Foro Sol,Sabrina Carpenter,45000.0,45000.0,6,56
2023-08-27,Mexico City,Mexico,Foro Sol,Sabrina Carpenter,45000.0,45000.0,6,57
2023-11-09,Buenos Aires,Argentina,Estadio River Plate,Sabrina Carpenter Louta,73334.0,73334.0,6,58
2023-11-09,Buenos Aires,Argentina,Estadio River Plate,Sabrina Carpenter Louta,73334.0,73334.0,6,59
2023-11-09,Buenos Aires,Argentina,Estadio River Plate,Sabrina Carpenter Louta,73334.0,73334.0,6,60
2023-11-11,Buenos Aires,Argentina,Estadio River Plate,Sabrina Carpenter Louta,73333.0,73333.0,6,58
2023-11-11,Buenos Aires,Argentina,Estadio River Plate,Sabrina Carpenter Louta,73333.0,73333.0,6,59
2023-11-11,Buenos Aires,Argentina,Estadio River Plate,Sabrina Carpenter Louta,73333.0,73333.0,6,60
2023-11-12,Buenos Aires,Argentina,Estadio River Plate,Sabrina Carpenter Louta,73333.0,73333.0,6,58
2023-11-12,Buenos Aires,Argentina,Estadio River Plate,Sabrina Carpenter Louta,73333.0,73333.0,6,59
2023-11-12,Buenos Aires,Argentina,Estadio River Plate,Sabrina Carpenter Louta,73333.0,73333.0,6,60
2023-11-17,Rio de Janeiro,Brazil,Estádio Olímpico Nilton Santos,Sabrina Carpenter,60000.0,60000.0,6,61
2023-11-17,Rio de Janeiro,Brazil,Estádio Olímpico Nilton Santos,Sabrina Carpenter,60000.0,60000.0,6,62
2023-11-17,Rio de Janeiro,Brazil,Estádio Olímpico Nilton Santos,Sabrina Carpenter,60000.0,60000.0,6,63
2023-11-19,Rio de Janeiro,Brazil,Estádio Olímpico Nilton Santos,Sabrina Carpenter,60000.0,60000.0,6,61
2023-11-19,Rio de Janeiro,Brazil,Estádio Olímpico Nilton Santos,Sabrina Carpenter,60000.0,60000.0,6,62
2023-11-19,Rio de Janeiro,Brazil,Estádio Olímpico Nilton Santos,Sabrina Carpenter,60000.0,60000.0,6,63
2023-11-20,Rio de Janeiro,Brazil,Estádio Olímpico Nilton Santos,Sabrina Carpenter,60000.0,60000.0,6,61
2023-11-20,Rio de Janeiro,Brazil,Estádio Olímpico Nilton Santos,Sabrina Carpenter,60000.0,60000.0,6,62
2023-11-20,Rio de Janeiro,Brazil,Estádio Olímpico Nilton Santos,Sabrina Carpenter,60000.0,60000.0,6,63
2023-11-24,São Paulo,Brazil,Allianz Parque,Sabrina Carpenter,50000.0,50000.0,6,64
2023-11-24,São Paulo,Brazil,Allianz Parque,Sabrina Carpenter,50000.0,50000.0,6,65
2023-11-24,São Paulo,Brazil,Allianz Parque,Sabrina Carpenter,50000.0,50000.0,6,66
2023-11-25,São Paulo,Brazil,Allianz Parque,Sabrina Carpenter,50000.0,50000.0,6,64
2023-11-25,São Paulo,Brazil,Allianz Parque,Sabrina Carpenter,50000.0,50000.0,6,65
2023-11-25,São Paulo,Brazil,Allianz Parque,Sabrina Carpenter,50000.0,50000.0,6,66
2023-11-26,São Paulo,Brazil,Allianz Parque,Sabrina Carpenter,50000.0,50000.0,6,64
2023-11-26,São Paulo,Brazil,Allianz Parque,Sabrina Carpenter,50000.0,50000.0,6,65
2023-11-26,São Paulo,Brazil,Allianz Parque,Sabrina Carpenter,50000.0,50000.0,6,66
2024-02-07,Tokyo,Japan,Tokyo Dome,—,55000.0,55000.0,6,67
2024-02-07,Tokyo,Japan,Tokyo Dome,—,55000.0,55000.0,6,68
2024-02-07,Tokyo,Japan,Tokyo Dome,—,55000.0,55000.0,6,69
2024-02-07,Tokyo,Japan,Tokyo Dome,—,55000.0,55000.0,6,70
2024-02-07,Tokyo,Japan,Tokyo Dome,—,55000.0,55000.0,6,458
2024-02-07,Tokyo,Japan,Tokyo Dome,—,55000.0,55000.0,6,459
2024-02-07,Tokyo,Japan,Tokyo Dome,—,55000.0,55000.0,6,594
2024-02-07,Tokyo,Japan,Tokyo Dome,—,55000.0,55000.0,6,595
2024-02-08,Tokyo,Japan,Tokyo Dome,—,55000.0,55000.0,6,67
2024-02-08,Tokyo,Japan,Tokyo Dome,—,55000.0,55000.0,6,68
2024-02-08,Tokyo,Japan,Tokyo Dome,—,55000.0,55000.0,6,69
2024-02-08,Tokyo,Japan,Tokyo Dome,—,55000.0,55000.0,6,70
2024-02-08,Tokyo,Japan,Tokyo Dome,—,55000.0,55000.0,6,458
2024-02-08,Tokyo,Japan,Tokyo Dome,—,55000.0,55000.0,6,459
2024-02-08,Tokyo,Japan,Tokyo Dome,—,55000.0,55000.0,6,594
2024-02-08,Tokyo,Japan,Tokyo Dome,—,55000.0,55000.0,6,595
2024-02-09,Tokyo,Japan,Tokyo Dome,—,55000.0,55000.0,6,67
2024-02-09,Tokyo,Japan,Tokyo Dome,—,55000.0,55000.0,6,68
2024-02-09,Tokyo,Japan,Tokyo Dome,—,55000.0,55000.0,6,69
2024-02-09,Tokyo,Japan,Tokyo Dome,—,55000.0,55000.0,6,70
2024-02-09,Tokyo,Japan,Tokyo Dome,—,55000.0,55000.0,6,458
2024-02-09,Tokyo,Japan,Tokyo Dome,—,55000.0,55000.0,6,459
2024-02-09,Tokyo,Japan,Tokyo Dome,—,55000.0,55000.0,6,594
2024-02-09,Tokyo,Japan,Tokyo Dome,—,55000.0,55000.0,6,595
2024-02-10,Tokyo,Japan,Tokyo Dome,—,55000.0,55000.0,6,67
2024-02-10,Tokyo,Japan,Tokyo Dome,—,55000.0,55000.0,6,68
2024-02-10,Tokyo,Japan,Tokyo Dome,—,55000.0,55000.0,6,69
2024-02-10,Tokyo,Japan,Tokyo Dome,—,55000.0,55000.0,6,70
2024-02-10,Tokyo,Japan,Tokyo Dome,—,55000.0,55000.0,6,458
2024-02-10,Tokyo,Japan,Tokyo Dome,—,55000.0,55000.0,6,459
2024-02-10,Tokyo,Japan,Tokyo Dome,—,55000.0,55000.0,6,594
2024-02-10,Tokyo,Japan,Tokyo Dome,—,55000.0,55000.0,6,595
2024-02-16,Melbourne,Australia,Melbourne Cricket Ground,Sabrina Carpenter,96000.0,96000.0,6,71
2024-02-16,Melbourne,Australia,Melbourne Cricket Ground,Sabrina Carpenter,96000.0,96000.0,6,72
2024-02-16,Melbourne,Australia,Melbourne Cricket Ground,Sabrina Carpenter,96000.0,96000.0,6,73
2024-02-17,Melbourne,Australia,Melbourne Cricket Ground,Sabrina Carpenter,96000.0,96000.0,6,71
2024-02-17,Melbourne,Australia,Melbourne Cricket Ground,Sabrina Carpenter,96000.0,96000.0,6,72
2024-02-17,Melbourne,Australia,Melbourne Cricket Ground,Sabrina Carpenter,96000.0,96000.0,6,73
2024-02-18,Melbourne,Australia,Melbourne Cricket Ground,Sabrina Carpenter,96000.0,96000.0,6,71
2024-02-18,Melbourne,Australia,Melbourne Cricket Ground,Sabrina Carpenter,96000.0,96000.0,6,72
2024-02-18,Melbourne,Australia,Melbourne Cricket Ground,Sabrina Carpenter,96000.0,96000.0,6,73
2024-02-23,Sydney,Australia,Accor Stadium,—,80000.0,80000.0,6,74
2024-02-23,Sydney,Australia,Accor Stadium,—,80000.0,80000.0,6,75
2024-02-23,Sydney,Australia,Accor Stadium,—,80000.0,80000.0,6,76
2024-02-23,Sydney,Australia,Accor Stadium,—,80000.0,80000.0,6,77
2024-02-24,Sydney,Australia,Accor Stadium,Sabrina Carpenter,80000.0,80000.0,6,74
2024-02-24,Sydney,Australia,Accor Stadium,Sabrina Carpenter,80000.0,80000.0,6,75
2024-02-24,Sydney,Australia,Accor Stadium,Sabrina Carpenter,80000.0,80000.0,6,76
2024-02-24,Sydney,Australia,Accor Stadium,Sabrina Carpenter,80000.0,80000.0,6,77
2024-02-25,Sydney,Australia,Accor Stadium,Sabrina Carpenter,80000.0,80000.0,6,74
2024-02-25,Sydney,Australia,Accor Stadium,Sabrina Carpenter,80000.0,80000.0,6,75
2024-02-25,Sydney,Australia,Accor Stadium,Sabrina Carpenter,80000.0,80000.0,6,76
2024-02-25,Sydney,Australia,Accor Stadium,Sabrina Carpenter,80000.0,80000.0,6,77
2024-02-26,Sydney,Australia,Accor Stadium,Sabrina Carpenter,80000.0,80000.0,6,74
2024-02-26,Sydney,Australia,Accor Stadium,Sabrina Carpenter,80000.0,80000.0,6,75
2024-02-26,Sydney,Australia,Accor Stadium,Sabrina Carpenter,80000.0,80000.0,6,76
2024-02-26,Sydney,Australia,Accor Stadium,Sabrina Carpenter,80000.0,80000.0,6,77
2024-03-02,Singapore,Singapore,Singapore National Stadium,Sabrina Carpenter,63000.0,63000.0,6,78
2024-03-02,Singapore,Singapore,Singapore National Stadium,Sabrina Carpenter,63000.0,63000.0,6,79
2024-03-02,Singapore,Singapore,Singapore National Stadium,Sabrina Carpenter,63000.0,63000.0,6,80
2024-03-02,Singapore,Singapore,Singapore National Stadium,Sabrina Carpenter,63000.0,63000.0,6,81
2024-03-02,Singapore,Singapore,Singapore National Stadium,Sabrina Carpenter,63000.0,63000.0,6,82
2024-03-02,Singapore,Singapore,Singapore National Stadium,Sabrina Carpenter,63000.0,63000.0,6,83
2024-03-03,Singapore,Singapore,Singapore National Stadium,Sabrina Carpenter,63000.0,63000.0,6,78
2024-03-03,Singapore,Singapore,Singapore National Stadium,Sabrina Carpenter,63000.0,63000.0,6,79
2024-03-03,Singapore,Singapore,Singapore National Stadium,Sabrina Carpenter,63000.0,63000.0,6,80
2024-03-03,Singapore,Singapore,Singapore National Stadium,Sabrina Carpenter,63000.0,63000.0,6,81
2024-03-03,Singapore,Singapore,Singapore National Stadium,Sabrina Carpenter,63000.0,63000.0,6,82
2024-03-03,Singapore,Singapore,Singapore National Stadium,Sabrina Carpenter,63000.0,63000.0,6,83
2024-03-04,Singapore,Singapore,Singapore National Stadium,Sabrina Carpenter,63000.0,63000.0,6,78
2024-03-04,Singapore,Singapore,Singapore National Stadium,Sabrina Carpenter,63000.0,63000.0,6,79
2024-03-04,Singapore,Singapore,Singapore National Stadium,Sabrina Carpenter,63000.0,63000.0,6,80
2024-03-04,Singapore,Singapore,Singapore National Stadium,Sabrina Carpenter,63000.0,63000.0,6,81
2024-03-04,Singapore,Singapore,Singapore National Stadium,Sabrina Carpenter,63000.0,63000.0,6,82
2024-03-04,Singapore,Singapore,Singapore National Stadium,Sabrina Carpenter,63000.0,63000.0,6,83
2024-03-07,Singapore,Singapore,Singapore National Stadium,Sabrina Carpenter,63000.0,63000.0,6,78
2024-03-07,Singapore,Singapore,Singapore National Stadium,Sabrina Carpenter,63000.0,63000.0,6,79
2024-03-07,Singapore,Singapore,Singapore National Stadium,Sabrina Carpenter,63000.0,63000.0,6,80
2024-03-07,Singapore,Singapore,Singapore National Stadium,Sabrina Carpenter,63000.0,63000.0,6,81
2024-03-07,Singapore,Singapore,Singapore National Stadium,Sabrina Carpenter,63000.0,63000.0,6,82
2024-03-07,Singapore,Singapore,Singapore National Stadium,Sabrina Carpenter,63000.0,63000.0,6,83
2024-03-08,Singapore,Singapore,Singapore National Stadium,Sabrina Carpenter,63000.0,63000.0,6,78
2024-03-08,Singapore,Singapore,Singapore National Stadium,Sabrina Carpenter,63000.0,63000.0,6,79
2024-03-08,Singapore,Singapore,Singapore National Stadium,Sabrina Carpenter,63000.0,63000.0,6,80
2024-03-08,Singapore,Singapore,Singapore National Stadium,Sabrina Carpenter,63000.0,63000.0,6,81
2024-03-08,Singapore,Singapore,Singapore National Stadium,Sabrina Carpenter,63000.0,63000.0,6,82
2024-03-08,Singapore,Singapore,Singapore National Stadium,Sabrina Carpenter,63000.0,63000.0,6,83
2024-03-09,Singapore,Singapore,Singapore National Stadium,Sabrina Carpenter,63000.0,63000.0,6,78
2024-03-09,Singapore,Singapore,Singapore National Stadium,Sabrina Carpenter,63000.0,63000.0,6,79
2024-03-09,Singapore,Singapore,Singapore National Stadium,Sabrina Carpenter,63000.0,63000.0,6,80
2024-03-09,Singapore,Singapore,Singapore National Stadium,Sabrina Carpenter,63000.0,63000.0,6,81
2024-03-09,Singapore,Singapore,Singapore National Stadium,Sabrina Carpenter,63000.0,63000.0,6,82
2024-03-09,Singapore,Singapore,Singapore National Stadium,Sabrina Carpenter,63000.0,63000.0,6,83
2024-05-09,Nanterre,France,Paris La Défense Arena,Paramore,45000.0,45000.0,7,84
2024-05-09,Nanterre,France,Paris La Défense Arena,Paramore,45000.0,45000.0,7,85
2024-05-09,Nanterre,France,Paris La Défense Arena,Paramore,45000.0,45000.0,7,86
2024-05-09,Nanterre,France,Paris La Défense Arena,Paramore,45000.0,45000.0,7,87
2024-05-10,Nanterre,France,Paris La Défense Arena,Paramore,45000.0,45000.0,7,84
2024-05-10,Nanterre,France,Paris La Défense Arena,Paramore,45000.0,45000.0,7,85
2024-05-10,Nanterre,France,Paris La Défense Arena,Paramore,45000.0,45000.0,7,86
2024-05-10,Nanterre,France,Paris La Défense Arena,Paramore,45000.0,45000.0,7,87
2024-05-11,Nanterre,France,Paris La Défense Arena,Paramore,45000.0,45000.0,7,84
2024-05-11,Nanterre,France,Paris La Défense Arena,Paramore,45000.0,45000.0,7,85
2024-05-11,Nanterre,France,Paris La Défense Arena,Paramore,45000.0,45000.0,7,86
2024-05-11,Nanterre,France,Paris La Défense Arena,Paramore,45000.0,45000.0,7,87
2024-05-12,Nanterre,France,Paris La Défense Arena,Paramore,45000.0,45000.0,7,84
2024-05-12,Nanterre,France,Paris La Défense Arena,Paramore,45000.0,45000.0,7,85
2024-05-12,Nanterre,France,Paris La Défense Arena,Paramore,45000.0,45000.0,7,86
2024-05-12,Nanterre,France,Paris La Défense Arena,Paramore,45000.0,45000.0,7,87
2024-05-17,Stockholm,Sweden,Friends Arena,Paramore,59560.0,59560.0,7,88
2024-05-17,Stockholm,Sweden,Friends Arena,Paramore,59560.0,59560.0,7,89
2024-05-17,Stockholm,Sweden,Friends Arena,Paramore,59560.0,59560.0,7,90
2024-05-18,Stockholm,Sweden,Friends Arena,Paramore,59560.0,59560.0,7,88
2024-05-18,Stockholm,Sweden,Friends Arena,Paramore,59560.0,59560.0,7,89
2024-05-18,Stockholm,Sweden,Friends Arena,Paramore,59560.0,59560.0,7,90
2024-05-19,Stockholm,Sweden,Friends Arena,Paramore,59559.0,59559.0,7,88
2024-05-19,Stockholm,Sweden,Friends Arena,Paramore,59559.0,59559.0,7,89
2024-05-19,Stockholm,Sweden,Friends Arena,Paramore,59559.0,59559.0,7,90
2024-05-24,Lisbon,Portugal,Estádio da Luz,Paramore,60000.0,60000.0,7,91
2024-05-24,Lisbon,Portugal,Estádio da Luz,Paramore,60000.0,60000.0,7,92
2024-05-25,Lisbon,Portugal,Estádio da Luz,Paramore,60000.0,60000.0,7,91
2024-05-25,Lisbon,Portugal,Estádio da Luz,Paramore,60000.0,60000.0,7,92
2024-05-29,Madrid,Spain,Estadio Santiago Bernabéu,Paramore,65000.0,65000.0,7,93
2024-05-29,Madrid,Spain,Estadio Santiago Bernabéu,Paramore,65000.0,65000.0,7,94
2024-05-30,Madrid,Spain,Estadio Santiago Bernabéu,Paramore,65000.0,65000.0,7,93
2024-05-30,Madrid,Spain,Estadio Santiago Bernabéu,Paramore,65000.0,65000.0,7,94
2024-06-02,Décines-Charpieu,France,Groupama Stadium,Paramore,61000.0,61000.0,7,95
2024-06-02,Décines-Charpieu,France,Groupama Stadium,Paramore,61000.0,61000.0,7,96
2024-06-03,Décines-Charpieu,France,Groupama Stadium,Paramore,61000.0,61000.0,7,95
2024-06-03,Décines-Charpieu,France,Groupama Stadium,Paramore,61000.0,61000.0,7,96
2024-06-07,Edinburgh,Scotland,Murrayfield Stadium,Paramore,73000.0,73000.0,7,97
2024-06-07,Edinburgh,Scotland,Murrayfield Stadium,Paramore,73000.0,73000.0,7,98
2024-06-07,Edinburgh,Scotland,Murrayfield Stadium,Paramore,73000.0,73000.0,7,99
2024-06-08,Edinburgh,Scotland,Murrayfield Stadium,Paramore,73000.0,73000.0,7,97
2024-06-08,Edinburgh,Scotland,Murrayfield Stadium,Paramore,73000.0,73000.0,7,98
2024-06-08,Edinburgh,Scotland,Murrayfield Stadium,Paramore,73000.0,73000.0,7,99
2024-06-09,Edinburgh,Scotland,Murrayfield Stadium,Paramore,73000.0,73000.0,7,97
2024-06-09,Edinburgh,Scotland,Murrayfield Stadium,Paramore,73000.0,73000.0,7,98
2024-06-09,Edinburgh,Scotland,Murrayfield Stadium,Paramore,73000.0,73000.0,7,99
2024-06-13,Liverpool,England,Anfield,Paramore,62000.0,62000.0,7,100
2024-06-13,Liverpool,England,Anfield,Paramore,62000.0,62000.0,7,101
2024-06-13,Liverpool,England,Anfield,Paramore,62000.0,62000.0,7,102
2024-06-14,Liverpool,England,Anfield,Paramore,62000.0,62000.0,7,100
2024-06-14,Liverpool,England,Anfield,Paramore,62000.0,62000.0,7,101
2024-06-14,Liverpool,England,Anfield,Paramore,62000.0,62000.0,7,102
2024-06-15,Liverpool,England,Anfield,Paramore,62000.0,62000.0,7,100
2024-06-15,Liverpool,England,Anfield,Paramore,62000.0,62000.0,7,101
2024-06-15,Liverpool,England,Anfield,Paramore,62000.0,62000.0,7,102
2024-06-18,Cardiff,Wales,Principality Stadium,Paramore,70000.0,70000.0,7,103
2024-06-21,London,England,Wembley Stadium,Paramore Mette,94139.0,94139.0,7,104
2024-06-21,London,England,Wembley Stadium,Paramore Mette,94139.0,94139.0,7,105
2024-06-21,London,England,Wembley Stadium,Paramore Mette,94139.0,94139.0,7,106
2024-06-21,London,England,Wembley Stadium,Paramore Mette,94139.0,94139.0,7,127
2024-06-21,London,England,Wembley Stadium,Paramore Mette,94139.0,94139.0,7,128
2024-06-21,London,England,Wembley Stadium,Paramore Mette,94139.0,94139.0,7,129
2024-06-21,London,England,Wembley Stadium,Paramore Mette,94139.0,94139.0,7,130
2024-06-21,London,England,Wembley Stadium,Paramore Mette,94139.0,94139.0,7,131
2024-06-21,London,England,Wembley Stadium,Paramore Mette,94139.0,94139.0,7,556
2024-06-21,London,England,Wembley Stadium,Paramore Mette,94139.0,94139.0,7,557
2024-06-22,London,England,Wembley Stadium,Paramore Griff,94139.0,94139.0,7,104
2024-06-22,London,England,Wembley Stadium,Paramore Griff,94139.0,94139.0,7,105
2024-06-22,London,England,Wembley Stadium,Paramore Griff,94139.0,94139.0,7,106
2024-06-22,London,England,Wembley Stadium,Paramore Griff,94139.0,94139.0,7,127
2024-06-22,London,England,Wembley Stadium,Paramore Griff,94139.0,94139.0,7,128
2024-06-22,London,England,Wembley Stadium,Paramore Griff,94139.0,94139.0,7,129
2024-06-22,London,England,Wembley Stadium,Paramore Griff,94139.0,94139.0,7,130
2024-06-22,London,England,Wembley Stadium,Paramore Griff,94139.0,94139.0,7,131
2024-06-22,London,England,Wembley Stadium,Paramore Griff,94139.0,94139.0,7,556
2024-06-22,London,England,Wembley Stadium,Paramore Griff,94139.0,94139.0,7,557
2024-06-23,London,England,Wembley Stadium,Paramore Benson Boone,94139.0,94139.0,7,104
2024-06-23,London,England,Wembley Stadium,Paramore Benson Boone,94139.0,94139.0,7,105
2024-06-23,London,England,Wembley Stadium,Paramore Benson Boone,94139.0,94139.0,7,106
2024-06-23,London,England,Wembley Stadium,Paramore Benson Boone,94139.0,94139.0,7,127
2024-06-23,London,England,Wembley Stadium,Paramore Benson Boone,94139.0,94139.0,7,128
2024-06-23,London,England,Wembley Stadium,Paramore Benson Boone,94139.0,94139.0,7,129
2024-06-23,London,England,Wembley Stadium,Paramore Benson Boone,94139.0,94139.0,7,130
2024-06-23,London,England,Wembley Stadium,Paramore Benson Boone,94139.0,94139.0,7,131
2024-06-23,London,England,Wembley Stadium,Paramore Benson Boone,94139.0,94139.0,7,556
2024-06-23,London,England,Wembley Stadium,Paramore Benson Boone,94139.0,94139.0,7,557
2024-06-28,Dublin,Ireland,Aviva Stadium,Paramore,50000.0,50000.0,7,107
2024-06-28,Dublin,Ireland,Aviva Stadium,Paramore,50000.0,50000.0,7,108
2024-06-28,Dublin,Ireland,Aviva Stadium,Paramore,50000.0,50000.0,7,109
2024-06-29,Dublin,Ireland,Aviva Stadium,Paramore,50000.0,50000.0,7,107
2024-06-29,Dublin,Ireland,Aviva Stadium,Paramore,50000.0,50000.0,7,108
2024-06-29,Dublin,Ireland,Aviva Stadium,Paramore,50000.0,50000.0,7,109
2024-06-30,Dublin,Ireland,Aviva Stadium,Paramore,50000.0,50000.0,7,107
2024-06-30,Dublin,Ireland,Aviva Stadium,Paramore,50000.0,50000.0,7,108
2024-06-30,Dublin,Ireland,Aviva Stadium,Paramore,50000.0,50000.0,7,109
2024-07-04,Amsterdam,Netherlands,Johan Cruyff Arena,Paramore,55000.0,55000.0,7,110
2024-07-04,Amsterdam,Netherlands,Johan Cruyff Arena,Paramore,55000.0,55000.0,7,111
2024-07-04,Amsterdam,Netherlands,Johan Cruyff Arena,Paramore,55000.0,55000.0,7,112
2024-07-05,Amsterdam,Netherlands,Johan Cruyff Arena,Paramore,55000.0,55000.0,7,110
2024-07-05,Amsterdam,Netherlands,Johan Cruyff Arena,Paramore,55000.0,55000.0,7,111
2024-07-05,Amsterdam,Netherlands,Johan Cruyff Arena,Paramore,55000.0,55000.0,7,112
2024-07-06,Amsterdam,Netherlands,Johan Cruyff Arena,Paramore,55000.0,55000.0,7,110
2024-07-06,Amsterdam,Netherlands,Johan Cruyff Arena,Paramore,55000.0,55000.0,7,111
2024-07-06,Amsterdam,Netherlands,Johan Cruyff Arena,Paramore,55000.0,55000.0,7,112
2024-07-09,Zürich,Switzerland,Letzigrund,Paramore,47500.0,47500.0,7,113
2024-07-09,Zürich,Switzerland,Letzigrund,Paramore,47500.0,47500.0,7,114
2024-07-10,Zürich,Switzerland,Letzigrund,Paramore,47500.0,47500.0,7,113
2024-07-10,Zürich,Switzerland,Letzigrund,Paramore,47500.0,47500.0,7,114
2024-07-13,Milan,Italy,San Siro,Paramore,80000.0,80000.0,7,115
2024-07-13,Milan,Italy,San Siro,Paramore,80000.0,80000.0,7,116
2024-07-14,Milan,Italy,San Siro,Paramore,80000.0,80000.0,7,115
2024-07-14,Milan,Italy,San Siro,Paramore,80000.0,80000.0,7,116
2024-07-17,Gelsenkirchen,Germany,Veltins-Arena,Paramore,60000.0,60000.0,7,117
2024-07-17,Gelsenkirchen,Germany,Veltins-Arena,Paramore,60000.0,60000.0,7,118
2024-07-17,Gelsenkirchen,Germany,Veltins-Arena,Paramore,60000.0,60000.0,7,119
2024-07-18,Gelsenkirchen,Germany,Veltins-Arena,Paramore,60000.0,60000.0,7,117
2024-07-18,Gelsenkirchen,Germany,Veltins-Arena,Paramore,60000.0,60000.0,7,118
2024-07-18,Gelsenkirchen,Germany,Veltins-Arena,Paramore,60000.0,60000.0,7,119
2024-07-19,Gelsenkirchen,Germany,Veltins-Arena,Paramore,60000.0,60000.0,7,117
2024-07-19,Gelsenkirchen,Germany,Veltins-Arena,Paramore,60000.0,60000.0,7,118
2024-07-19,Gelsenkirchen,Germany,Veltins-Arena,Paramore,60000.0,60000.0,7,119
2024-07-23,Hamburg,Germany,Volksparkstadion,Paramore,50000.0,50000.0,7,120
2024-07-23,Hamburg,Germany,Volksparkstadion,Paramore,50000.0,50000.0,7,121
2024-07-24,Hamburg,Germany,Volksparkstadion,Paramore,50000.0,50000.0,7,120
2024-07-24,Hamburg,Germany,Volksparkstadion,Paramore,50000.0,50000.0,7,121
2024-07-27,Munich,Germany,Olympiastadion,Paramore,74000.0,74000.0,7,122
2024-07-27,Munich,Germany,Olympiastadion,Paramore,74000.0,74000.0,7,123
2024-07-28,Munich,Germany,Olympiastadion,Paramore,74000.0,74000.0,7,122
2024-07-28,Munich,Germany,Olympiastadion,Paramore,74000.0,74000.0,7,123
2024-08-01,Warsaw,Poland,PGE Narodowy,Paramore,65000.0,65000.0,7,124
2024-08-01,Warsaw,Poland,PGE Narodowy,Paramore,65000.0,65000.0,7,125
2024-08-01,Warsaw,Poland,PGE Narodowy,Paramore,65000.0,65000.0,7,126
2024-08-02,Warsaw,Poland,PGE Narodowy,Paramore,65000.0,65000.0,7,124
2024-08-02,Warsaw,Poland,PGE Narodowy,Paramore,65000.0,65000.0,7,125
2024-08-02,Warsaw,Poland,PGE Narodowy,Paramore,65000.0,65000.0,7,126
2024-08-03,Warsaw,Poland,PGE Narodowy,Paramore,65000.0,65000.0,7,124
2024-08-03,Warsaw,Poland,PGE Narodowy,Paramore,65000.0,65000.0,7,125
2024-08-03,Warsaw,Poland,PGE Narodowy,Paramore,65000.0,65000.0,7,126
2024-08-15,London,England,Wembley Stadium,Paramore  Sofia Isella,94139.0,94139.0,7,104
2024-08-15,London,England,Wembley Stadium,Paramore  Sofia Isella,94139.0,94139.0,7,105
2024-08-15,London,England,Wembley Stadium,Paramore  Sofia Isella,94139.0,94139.0,7,106
2024-08-15,London,England,Wembley Stadium,Paramore  Sofia Isella,94139.0,94139.0,7,127
2024-08-15,London,England,Wembley Stadium,Paramore  Sofia Isella,94139.0,94139.0,7,128
2024-08-15,London,England,Wembley Stadium,Paramore  Sofia Isella,94139.0,94139.0,7,129
2024-08-15,London,England,Wembley Stadium,Paramore  Sofia Isella,94139.0,94139.0,7,130
2024-08-15,London,England,Wembley Stadium,Paramore  Sofia Isella,94139.0,94139.0,7,131
2024-08-15,London,England,Wembley Stadium,Paramore  Sofia Isella,94139.0,94139.0,7,556
2024-08-15,London,England,Wembley Stadium,Paramore  Sofia Isella,94139.0,94139.0,7,557
2024-08-16,London,England,Wembley Stadium,Paramore  Holly Humberstone,94139.0,94139.0,7,104
2024-08-16,London,England,Wembley Stadium,Paramore  Holly Humberstone,94139.0,94139.0,7,105
2024-08-16,London,England,Wembley Stadium,Paramore  Holly Humberstone,94139.0,94139.0,7,106
2024-08-16,London,England,Wembley Stadium,Paramore  Holly Humberstone,94139.0,94139.0,7,127
2024-08-16,London,England,Wembley Stadium,Paramore  Holly Humberstone,94139.0,94139.0,7,128
2024-08-16,London,England,Wembley Stadium,Paramore  Holly Humberstone,94139.0,94139.0,7,129
2024-08-16,London,England,Wembley Stadium,Paramore  Holly Humberstone,94139.0,94139.0,7,130
2024-08-16,London,England,Wembley Stadium,Paramore  Holly Humberstone,94139.0,94139.0,7,131
2024-08-16,London,England,Wembley Stadium,Paramore  Holly Humberstone,94139.0,94139.0,7,556
2024-08-16,London,England,Wembley Stadium,Paramore  Holly Humberstone,94139.0,94139.0,7,557
2024-08-17,London,England,Wembley Stadium,Paramore  Suki Waterhouse,94139.0,94139.0,7,104
2024-08-17,London,England,Wembley Stadium,Paramore  Suki Waterhouse,94139.0,94139.0,7,105
2024-08-17,London,England,Wembley Stadium,Paramore  Suki Waterhouse,94139.0,94139.0,7,106
2024-08-17,London,England,Wembley Stadium,Paramore  Suki Waterhouse,94139.0,94139.0,7,127
2024-08-17,London,England,Wembley Stadium,Paramore  Suki Waterhouse,94139.0,94139.0,7,128
2024-08-17,London,England,Wembley Stadium,Paramore  Suki Waterhouse,94139.0,94139.0,7,129
2024-08-17,London,England,Wembley Stadium,Paramore  Suki Waterhouse,94139.0,94139.0,7,130
2024-08-17,London,England,Wembley Stadium,Paramore  Suki Waterhouse,94139.0,94139.0,7,131
2024-08-17,London,England,Wembley Stadium,Paramore  Suki Waterhouse,94139.0,94139.0,7,556
2024-08-17,London,England,Wembley Stadium,Paramore  Suki Waterhouse,94139.0,94139.0,7,557
2024-08-19,London,England,Wembley Stadium,Paramore  Maisie Peters,94139.0,94139.0,7,104
2024-08-19,London,England,Wembley Stadium,Paramore  Maisie Peters,94139.0,94139.0,7,105
2024-08-19,London,England,Wembley Stadium,Paramore  Maisie Peters,94139.0,94139.0,7,106
2024-08-19,London,England,Wembley Stadium,Paramore  Maisie Peters,94139.0,94139.0,7,127
2024-08-19,London,England,Wembley Stadium,Paramore  Maisie Peters,94139.0,94139.0,7,128
2024-08-19,London,England,Wembley Stadium,Paramore  Maisie Peters,94139.0,94139.0,7,129
2024-08-19,London,England,Wembley Stadium,Paramore  Maisie Peters,94139.0,94139.0,7,130
2024-08-19,London,England,Wembley Stadium,Paramore  Maisie Peters,94139.0,94139.0,7,131
2024-08-19,London,England,Wembley Stadium,Paramore  Maisie Peters,94139.0,94139.0,7,556
2024-08-19,London,England,Wembley Stadium,Paramore  Maisie Peters,94139.0,94139.0,7,557
2024-08-20,London,England,Wembley Stadium,Paramore  Raye,94139.0,94139.0,7,104
2024-08-20,London,England,Wembley Stadium,Paramore  Raye,94139.0,94139.0,7,105
2024-08-20,London,England,Wembley Stadium,Paramore  Raye,94139.0,94139.0,7,106
2024-08-20,London,England,Wembley Stadium,Paramore  Raye,94139.0,94139.0,7,127
2024-08-20,London,England,Wembley Stadium,Paramore  Raye,94139.0,94139.0,7,128
2024-08-20,London,England,Wembley Stadium,Paramore  Raye,94139.0,94139.0,7,129
2024-08-20,London,England,Wembley Stadium,Paramore  Raye,94139.0,94139.0,7,130
2024-08-20,London,England,Wembley Stadium,Paramore  Raye,94139.0,94139.0,7,131
2024-08-20,London,England,Wembley Stadium,Paramore  Raye,94139.0,94139.0,7,556
2024-08-20,London,England,Wembley Stadium,Paramore  Raye,94139.0,94139.0,7,557
2024-10-18,Miami Gardens,United States,Hard Rock Stadium,Gracie Abrams,61000.0,61000.0,7,132
2024-10-18,Miami Gardens,United States,Hard Rock Stadium,Gracie Abrams,61000.0,61000.0,7,133
2024-10-18,Miami Gardens,United States,Hard Rock Stadium,Gracie Abrams,61000.0,61000.0,7,134
2024-10-18,Miami Gardens,United States,Hard Rock Stadium,Gracie Abrams,61000.0,61000.0,7,577
2024-10-19,Miami Gardens,United States,Hard Rock Stadium,Gracie Abrams,61000.0,61000.0,7,132
2024-10-19,Miami Gardens,United States,Hard Rock Stadium,Gracie Abrams,61000.0,61000.0,7,133
2024-10-19,Miami Gardens,United States,Hard Rock Stadium,Gracie Abrams,61000.0,61000.0,7,134
2024-10-19,Miami Gardens,United States,Hard Rock Stadium,Gracie Abrams,61000.0,61000.0,7,577
2024-10-20,Miami Gardens,United States,Hard Rock Stadium,Gracie Abrams,61000.0,61000.0,7,132
2024-10-20,Miami Gardens,United States,Hard Rock Stadium,Gracie Abrams,61000.0,61000.0,7,133
2024-10-20,Miami Gardens,United States,Hard Rock Stadium,Gracie Abrams,61000.0,61000.0,7,134
2024-10-20,Miami Gardens,United States,Hard Rock Stadium,Gracie Abrams,61000.0,61000.0,7,577
2024-10-25,New Orleans,United States,Caesars Superdome,Gracie Abrams,65000.0,65000.0,7,135
2024-10-25,New Orleans,United States,Caesars Superdome,Gracie Abrams,65000.0,65000.0,7,136
2024-10-25,New Orleans,United States,Caesars Superdome,Gracie Abrams,65000.0,65000.0,7,137
2024-10-26,New Orleans,United States,Caesars Superdome,Gracie Abrams,65000.0,65000.0,7,135
2024-10-26,New Orleans,United States,Caesars Superdome,Gracie Abrams,65000.0,65000.0,7,136
2024-10-26,New Orleans,United States,Caesars Superdome,Gracie Abrams,65000.0,65000.0,7,137
2024-10-27,New Orleans,United States,Caesars Superdome,Gracie Abrams,65000.0,65000.0,7,135
2024-10-27,New Orleans,United States,Caesars Superdome,Gracie Abrams,65000.0,65000.0,7,136
2024-10-27,New Orleans,United States,Caesars Superdome,Gracie Abrams,65000.0,65000.0,7,137
2024-11-01,Indianapolis,United States,Lucas Oil Stadium,Gracie Abrams,69000.0,69000.0,7,138
2024-11-01,Indianapolis,United States,Lucas Oil Stadium,Gracie Abrams,69000.0,69000.0,7,139
2024-11-01,Indianapolis,United States,Lucas Oil Stadium,Gracie Abrams,69000.0,69000.0,7,140
2024-11-01,Indianapolis,United States,Lucas Oil Stadium,Gracie Abrams,69000.0,69000.0,7,583
2024-11-02,Indianapolis,United States,Lucas Oil Stadium,Gracie Abrams,69000.0,69000.0,7,138
2024-11-02,Indianapolis,United States,Lucas Oil Stadium,Gracie Abrams,69000.0,69000.0,7,139
2024-11-02,Indianapolis,United States,Lucas Oil Stadium,Gracie Abrams,69000.0,69000.0,7,140
2024-11-02,Indianapolis,United States,Lucas Oil Stadium,Gracie Abrams,69000.0,69000.0,7,583
2024-11-03,Indianapolis,United States,Lucas Oil Stadium,Gracie Abrams,69000.0,69000.0,7,138
2024-11-03,Indianapolis,United States,Lucas Oil Stadium,Gracie Abrams,69000.0,69000.0,7,139
2024-11-03,Indianapolis,United States,Lucas Oil Stadium,Gracie Abrams,69000.0,69000.0,7,140
2024-11-03,Indianapolis,United States,Lucas Oil Stadium,Gracie Abrams,69000.0,69000.0,7,583
2024-11-14,Toronto,Canada,Rogers Centre,Gracie Abrams,47870.0,47870.0,7,141
2024-11-14,Toronto,Canada,Rogers Centre,Gracie Abrams,47870.0,47870.0,7,142
2024-11-14,Toronto,Canada,Rogers Centre,Gracie Abrams,47870.0,47870.0,7,143
2024-11-14,Toronto,Canada,Rogers Centre,Gracie Abrams,47870.0,47870.0,7,144
2024-11-14,Toronto,Canada,Rogers Centre,Gracie Abrams,47870.0,47870.0,7,145
2024-11-14,Toronto,Canada,Rogers Centre,Gracie Abrams,47870.0,47870.0,7,146
2024-11-14,Toronto,Canada,Rogers Centre,Gracie Abrams,47870.0,47870.0,7,403
2024-11-14,Toronto,Canada,Rogers Centre,Gracie Abrams,47870.0,47870.0,7,404
2024-11-14,Toronto,Canada,Rogers Centre,Gracie Abrams,47870.0,47870.0,7,519
2024-11-14,Toronto,Canada,Rogers Centre,Gracie Abrams,47870.0,47870.0,7,520
2024-11-14,Toronto,Canada,Rogers Centre,Gracie Abrams,47870.0,47870.0,7,571
2024-11-14,Toronto,Canada,Rogers Centre,Gracie Abrams,47870.0,47870.0,7,572
2024-11-15,Toronto,Canada,Rogers Centre,Gracie Abrams,47870.0,47870.0,7,141
2024-11-15,Toronto,Canada,Rogers Centre,Gracie Abrams,47870.0,47870.0,7,142
2024-11-15,Toronto,Canada,Rogers Centre,Gracie Abrams,47870.0,47870.0,7,143
2024-11-15,Toronto,Canada,Rogers Centre,Gracie Abrams,47870.0,47870.0,7,144
2024-11-15,Toronto,Canada,Rogers Centre,Gracie Abrams,47870.0,47870.0,7,145
2024-11-15,Toronto,Canada,Rogers Centre,Gracie Abrams,47870.0,47870.0,7,146
2024-11-15,Toronto,Canada,Rogers Centre,Gracie Abrams,47870.0,47870.0,7,403
2024-11-15,Toronto,Canada,Rogers Centre,Gracie Abrams,47870.0,47870.0,7,404
2024-11-15,Toronto,Canada,Rogers Centre,Gracie Abrams,47870.0,47870.0,7,519
2024-11-15,Toronto,Canada,Rogers Centre,Gracie Abrams,47870.0,47870.0,7,520
2024-11-15,Toronto,Canada,Rogers Centre,Gracie Abrams,47870.0,47870.0,7,571
2024-11-15,Toronto,Canada,Rogers Centre,Gracie Abrams,47870.0,47870.0,7,572
2024-11-16,Toronto,Canada,Rogers Centre,Gracie Abrams,47870.0,47870.0,7,141
2024-11-16,Toronto,Canada,Rogers Centre,Gracie Abrams,47870.0,47870.0,7,142
2024-11-16,Toronto,Canada,Rogers Centre,Gracie Abrams,47870.0,47870.0,7,143
2024-11-16,Toronto,Canada,Rogers Centre,Gracie Abrams,47870.0,47870.0,7,144
2024-11-16,Toronto,Canada,Rogers Centre,Gracie Abrams,47870.0,47870.0,7,145
2024-11-16,Toronto,Canada,Rogers Centre,Gracie Abrams,47870.0,47870.0,7,146
2024-11-16,Toronto,Canada,Rogers Centre,Gracie Abrams,47870.0,47870.0,7,403
2024-11-16,Toronto,Canada,Rogers Centre,Gracie Abrams,47870.0,47870.0,7,404
2024-11-16,Toronto,Canada,Rogers Centre,Gracie Abrams,47870.0,47870.0,7,519
2024-11-16,Toronto,Canada,Rogers Centre,Gracie Abrams,47870.0,47870.0,7,520
2024-11-16,Toronto,Canada,Rogers Centre,Gracie Abrams,47870.0,47870.0,7,571
2024-11-16,Toronto,Canada,Rogers Centre,Gracie Abrams,47870.0,47870.0,7,572
2024-11-21,Toronto,Canada,Rogers Centre,Gracie Abrams,47870.0,47870.0,7,141
2024-11-21,Toronto,Canada,Rogers Centre,Gracie Abrams,47870.0,47870.0,7,142
2024-11-21,Toronto,Canada,Rogers Centre,Gracie Abrams,47870.0,47870.0,7,143
2024-11-21,Toronto,Canada,Rogers Centre,Gracie Abrams,47870.0,47870.0,7,144
2024-11-21,Toronto,Canada,Rogers Centre,Gracie Abrams,47870.0,47870.0,7,145
2024-11-21,Toronto,Canada,Rogers Centre,Gracie Abrams,47870.0,47870.0,7,146
2024-11-21,Toronto,Canada,Rogers Centre,Gracie Abrams,47870.0,47870.0,7,403
2024-11-21,Toronto,Canada,Rogers Centre,Gracie Abrams,47870.0,47870.0,7,404
2024-11-21,Toronto,Canada,Rogers Centre,Gracie Abrams,47870.0,47870.0,7,519
2024-11-21,Toronto,Canada,Rogers Centre,Gracie Abrams,47870.0,47870.0,7,520
2024-11-21,Toronto,Canada,Rogers Centre,Gracie Abrams,47870.0,47870.0,7,571
2024-11-21,Toronto,Canada,Rogers Centre,Gracie Abrams,47870.0,47870.0,7,572
2024-11-22,Toronto,Canada,Rogers Centre,Gracie Abrams,47870.0,47870.0,7,141
2024-11-22,Toronto,Canada,Rogers Centre,Gracie Abrams,47870.0,47870.0,7,142
2024-11-22,Toronto,Canada,Rogers Centre,Gracie Abrams,47870.0,47870.0,7,143
2024-11-22,Toronto,Canada,Rogers Centre,Gracie Abrams,47870.0,47870.0,7,144
2024-11-22,Toronto,Canada,Rogers Centre,Gracie Abrams,47870.0,47870.0,7,145
2024-11-22,Toronto,Canada,Rogers Centre,Gracie Abrams,47870.0,47870.0,7,146
2024-11-22,Toronto,Canada,Rogers Centre,Gracie Abrams,47870.0,47870.0,7,403
2024-11-22,Toronto,Canada,Rogers Centre,Gracie Abrams,47870.0,47870.0,7,404
2024-11-22,Toronto,Canada,Rogers Centre,Gracie Abrams,47870.0,47870.0,7,519
2024-11-22,Toronto,Canada,Rogers Centre,Gracie Abrams,47870.0,47870.0,7,520
2024-11-22,Toronto,Canada,Rogers Centre,Gracie Abrams,47870.0,47870.0,7,571
2024-11-22,Toronto,Canada,Rogers Centre,Gracie Abrams,47870.0,47870.0,7,572
2024-11-23,Toronto,Canada,Rogers Centre,Gracie Abrams,47870.0,47870.0,7,141
2024-11-23,Toronto,Canada,Rogers Centre,Gracie Abrams,47870.0,47870.0,7,142
2024-11-23,Toronto,Canada,Rogers Centre,Gracie Abrams,47870.0,47870.0,7,143
2024-11-23,Toronto,Canada,Rogers Centre,Gracie Abrams,47870.0,47870.0,7,144
2024-11-23,Toronto,Canada,Rogers Centre,Gracie Abrams,47870.0,47870.0,7,145
2024-11-23,Toronto,Canada,Rogers Centre,Gracie Abrams,47870.0,47870.0,7,146
2024-11-23,Toronto,Canada,Rogers Centre,Gracie Abrams,47870.0,47870.0,7,403
2024-11-23,Toronto,Canada,Rogers Centre,Gracie Abrams,47870.0,47870.0,7,404
2024-11-23,Toronto,Canada,Rogers Centre,Gracie Abrams,47870.0,47870.0,7,519
2024-11-23,Toronto,Canada,Rogers Centre,Gracie Abrams,47870.0,47870.0,7,520
2024-11-23,Toronto,Canada,Rogers Centre,Gracie Abrams,47870.0,47870.0,7,571
2024-11-23,Toronto,Canada,Rogers Centre,Gracie Abrams,47870.0,47870.0,7,572
2024-12-06,Vancouver,Canada,BC Place,Gracie Abrams,53334.0,53334.0,7,147
2024-12-06,Vancouver,Canada,BC Place,Gracie Abrams,53334.0,53334.0,7,148
2024-12-06,Vancouver,Canada,BC Place,Gracie Abrams,53334.0,53334.0,7,149
2024-12-06,Vancouver,Canada,BC Place,Gracie Abrams,53334.0,53334.0,7,489
2024-12-07,Vancouver,Canada,BC Place,Gracie Abrams,53333.0,53333.0,7,147
2024-12-07,Vancouver,Canada,BC Place,Gracie Abrams,53333.0,53333.0,7,148
2024-12-07,Vancouver,Canada,BC Place,Gracie Abrams,53333.0,53333.0,7,149
2024-12-07,Vancouver,Canada,BC Place,Gracie Abrams,53333.0,53333.0,7,489
2024-12-08,Vancouver,Canada,BC Place,Gracie Abrams,53333.0,53333.0,7,147
2024-12-08,Vancouver,Canada,BC Place,Gracie Abrams,53333.0,53333.0,7,148
2024-12-08,Vancouver,Canada,BC Place,Gracie Abrams,53333.0,53333.0,7,149
2024-12-08,Vancouver,Canada,BC Place,Gracie Abrams,53333.0,53333.0,7,489
,Total,Total,Total,Total,10168008.0,,7,150
