Date,City,Country,Venue,Opening act,Attendance,Revenue,Opening acts,Venue_Capacity,Tour_ID,Venue_ID
2013-03-13,Omaha,United States,CenturyLink Center Omaha,"Ed Sheeran
Brett Eldredge",13939.0,1121582.0,,13939.0,3,372
2013-03-13,Omaha,United States,CenturyLink Center Omaha,"Ed Sheeran
Brett Eldredge",13939.0,1121582.0,,13939.0,3,373
2013-03-13,Omaha,United States,CenturyLink Center Omaha,"Ed Sheeran
Brett Eldredge",13939.0,1121582.0,,13939.0,3,522
2013-03-13,Omaha,United States,CenturyLink Center Omaha,"Ed Sheeran
Brett Eldredge",13939.0,1121582.0,,13939.0,3,523
2013-03-14,Omaha,United States,CenturyLink Center Omaha,"Ed Sheeran
Brett Eldredge",13938.0,1121582.0,,13938.0,3,372
2013-03-14,Omaha,United States,CenturyLink Center Omaha,"Ed Sheeran
Brett Eldredge",13938.0,1121582.0,,13938.0,3,373
2013-03-14,Omaha,United States,CenturyLink Center Omaha,"Ed Sheeran
Brett Eldredge",13938.0,1121582.0,,13938.0,3,522
2013-03-14,Omaha,United States,CenturyLink Center Omaha,"Ed Sheeran
Brett Eldredge",13938.0,1121582.0,,13938.0,3,523
2013-03-18,St. Louis,United States,Scottrade Center,"Ed Sheeran
Brett Eldredge",14291.0,1173102.0,,14291.0,3,153
2013-03-18,St. Louis,United States,Scottrade Center,"Ed Sheeran
Brett Eldredge",14291.0,1173102.0,,14291.0,3,314
2013-03-18,St. Louis,United States,Scottrade Center,"Ed Sheeran
Brett Eldredge",14291.0,1173102.0,,14291.0,3,315
2013-03-18,St. Louis,United States,Scottrade Center,"Ed Sheeran
Brett Eldredge",14291.0,1173102.0,,14291.0,3,374
2013-03-18,St. Louis,United States,Scottrade Center,"Ed Sheeran
Brett Eldredge",14291.0,1173102.0,,14291.0,3,375
2013-03-18,St. Louis,United States,Scottrade Center,"Ed Sheeran
Brett Eldredge",14291.0,1173102.0,,14291.0,3,517
2013-03-18,St. Louis,United States,Scottrade Center,"Ed Sheeran
Brett Eldredge",14291.0,1173102.0,,14291.0,3,518
2013-03-19,St. Louis,United States,Scottrade Center,"Ed Sheeran
Brett Eldredge",14291.0,1173101.0,,14291.0,3,153
2013-03-19,St. Louis,United States,Scottrade Center,"Ed Sheeran
Brett Eldredge",14291.0,1173101.0,,14291.0,3,314
2013-03-19,St. Louis,United States,Scottrade Center,"Ed Sheeran
Brett Eldredge",14291.0,1173101.0,,14291.0,3,315
2013-03-19,St. Louis,United States,Scottrade Center,"Ed Sheeran
Brett Eldredge",14291.0,1173101.0,,14291.0,3,374
2013-03-19,St. Louis,United States,Scottrade Center,"Ed Sheeran
Brett Eldredge",14291.0,1173101.0,,14291.0,3,375
2013-03-19,St. Louis,United States,Scottrade Center,"Ed Sheeran
Brett Eldredge",14291.0,1173101.0,,14291.0,3,517
2013-03-19,St. Louis,United States,Scottrade Center,"Ed Sheeran
Brett Eldredge",14291.0,1173101.0,,14291.0,3,518
2013-03-22,Charlotte,United States,Time Warner Cable Arena,"Ed Sheeran
Brett Eldredge",14686.0,1162733.0,,14686.0,3,195
2013-03-22,Charlotte,United States,Time Warner Cable Arena,"Ed Sheeran
Brett Eldredge",14686.0,1162733.0,,14686.0,3,355
2013-03-22,Charlotte,United States,Time Warner Cable Arena,"Ed Sheeran
Brett Eldredge",14686.0,1162733.0,,14686.0,3,376
2013-03-22,Charlotte,United States,Time Warner Cable Arena,"Ed Sheeran
Brett Eldredge",14686.0,1162733.0,,14686.0,3,467
2013-03-23,Columbia,United States,Colonial Life Arena,"Ed Sheeran
Brett Eldredge",12490.0,996114.0,,12490.0,3,242
2013-03-23,Columbia,United States,Colonial Life Arena,"Ed Sheeran
Brett Eldredge",12490.0,996114.0,,12490.0,3,357
2013-03-23,Columbia,United States,Colonial Life Arena,"Ed Sheeran
Brett Eldredge",12490.0,996114.0,,12490.0,3,377
2013-03-27,Newark,United States,Prudential Center,"Ed Sheeran
Florida Georgia Line",12689.0,1188439.0,,12689.0,3,247
2013-03-27,Newark,United States,Prudential Center,"Ed Sheeran
Florida Georgia Line",12689.0,1188439.0,,12689.0,3,248
2013-03-27,Newark,United States,Prudential Center,"Ed Sheeran
Florida Georgia Line",12689.0,1188439.0,,12689.0,3,302
2013-03-27,Newark,United States,Prudential Center,"Ed Sheeran
Florida Georgia Line",12689.0,1188439.0,,12689.0,3,303
2013-03-27,Newark,United States,Prudential Center,"Ed Sheeran
Florida Georgia Line",12689.0,1188439.0,,12689.0,3,304
2013-03-27,Newark,United States,Prudential Center,"Ed Sheeran
Florida Georgia Line",12689.0,1188439.0,,12689.0,3,305
2013-03-27,Newark,United States,Prudential Center,"Ed Sheeran
Florida Georgia Line",12689.0,1188439.0,,12689.0,3,378
2013-03-27,Newark,United States,Prudential Center,"Ed Sheeran
Florida Georgia Line",12689.0,1188439.0,,12689.0,3,379
2013-03-27,Newark,United States,Prudential Center,"Ed Sheeran
Florida Georgia Line",12689.0,1188439.0,,12689.0,3,380
2013-03-28,Newark,United States,Prudential Center,"Ed Sheeran
Florida Georgia Line",12688.0,1188439.0,,12688.0,3,247
2013-03-28,Newark,United States,Prudential Center,"Ed Sheeran
Florida Georgia Line",12688.0,1188439.0,,12688.0,3,248
2013-03-28,Newark,United States,Prudential Center,"Ed Sheeran
Florida Georgia Line",12688.0,1188439.0,,12688.0,3,302
2013-03-28,Newark,United States,Prudential Center,"Ed Sheeran
Florida Georgia Line",12688.0,1188439.0,,12688.0,3,303
2013-03-28,Newark,United States,Prudential Center,"Ed Sheeran
Florida Georgia Line",12688.0,1188439.0,,12688.0,3,304
2013-03-28,Newark,United States,Prudential Center,"Ed Sheeran
Florida Georgia Line",12688.0,1188439.0,,12688.0,3,305
2013-03-28,Newark,United States,Prudential Center,"Ed Sheeran
Florida Georgia Line",12688.0,1188439.0,,12688.0,3,378
2013-03-28,Newark,United States,Prudential Center,"Ed Sheeran
Florida Georgia Line",12688.0,1188439.0,,12688.0,3,379
2013-03-28,Newark,United States,Prudential Center,"Ed Sheeran
Florida Georgia Line",12688.0,1188439.0,,12688.0,3,380
2013-03-29,Newark,United States,Prudential Center,"Ed Sheeran
Florida Georgia Line",12688.0,1188439.0,,12688.0,3,247
2013-03-29,Newark,United States,Prudential Center,"Ed Sheeran
Florida Georgia Line",12688.0,1188439.0,,12688.0,3,248
2013-03-29,Newark,United States,Prudential Center,"Ed Sheeran
Florida Georgia Line",12688.0,1188439.0,,12688.0,3,302
2013-03-29,Newark,United States,Prudential Center,"Ed Sheeran
Florida Georgia Line",12688.0,1188439.0,,12688.0,3,303
2013-03-29,Newark,United States,Prudential Center,"Ed Sheeran
Florida Georgia Line",12688.0,1188439.0,,12688.0,3,304
2013-03-29,Newark,United States,Prudential Center,"Ed Sheeran
Florida Georgia Line",12688.0,1188439.0,,12688.0,3,305
2013-03-29,Newark,United States,Prudential Center,"Ed Sheeran
Florida Georgia Line",12688.0,1188439.0,,12688.0,3,378
2013-03-29,Newark,United States,Prudential Center,"Ed Sheeran
Florida Georgia Line",12688.0,1188439.0,,12688.0,3,379
2013-03-29,Newark,United States,Prudential Center,"Ed Sheeran
Florida Georgia Line",12688.0,1188439.0,,12688.0,3,380
2013-04-10,Miami,United States,American Airlines Arena,"Ed Sheeran
Brett Eldredge",12808.0,1010175.0,,12808.0,3,354
2013-04-10,Miami,United States,American Airlines Arena,"Ed Sheeran
Brett Eldredge",12808.0,1010175.0,,12808.0,3,381
2013-04-10,Miami,United States,American Airlines Arena,"Ed Sheeran
Brett Eldredge",12808.0,1010175.0,,12808.0,3,529
2013-04-11,Orlando,United States,Amway Center,"Ed Sheeran
Brett Eldredge",12809.0,1027064.0,,12809.0,3,286
2013-04-11,Orlando,United States,Amway Center,"Ed Sheeran
Brett Eldredge",12809.0,1027064.0,,12809.0,3,382
2013-04-11,Orlando,United States,Amway Center,"Ed Sheeran
Brett Eldredge",12809.0,1027064.0,,12809.0,3,383
2013-04-12,Orlando,United States,Amway Center,"Ed Sheeran
Brett Eldredge",12808.0,1027064.0,,12808.0,3,286
2013-04-12,Orlando,United States,Amway Center,"Ed Sheeran
Brett Eldredge",12808.0,1027064.0,,12808.0,3,382
2013-04-12,Orlando,United States,Amway Center,"Ed Sheeran
Brett Eldredge",12808.0,1027064.0,,12808.0,3,383
2013-04-18,Atlanta,United States,Philips Arena,"Ed Sheeran
Brett Eldredge",12736.0,1024012.0,,12736.0,3,336
2013-04-18,Atlanta,United States,Philips Arena,"Ed Sheeran
Brett Eldredge",12736.0,1024012.0,,12736.0,3,337
2013-04-18,Atlanta,United States,Philips Arena,"Ed Sheeran
Brett Eldredge",12736.0,1024012.0,,12736.0,3,384
2013-04-18,Atlanta,United States,Philips Arena,"Ed Sheeran
Brett Eldredge",12736.0,1024012.0,,12736.0,3,385
2013-04-19,Atlanta,United States,Philips Arena,"Ed Sheeran
Brett Eldredge",12735.0,1024011.0,,12735.0,3,336
2013-04-19,Atlanta,United States,Philips Arena,"Ed Sheeran
Brett Eldredge",12735.0,1024011.0,,12735.0,3,337
2013-04-19,Atlanta,United States,Philips Arena,"Ed Sheeran
Brett Eldredge",12735.0,1024011.0,,12735.0,3,384
2013-04-19,Atlanta,United States,Philips Arena,"Ed Sheeran
Brett Eldredge",12735.0,1024011.0,,12735.0,3,385
2013-04-20,Tampa,United States,Tampa Bay Times Forum,"Ed Sheeran
Brett Eldredge",14080.0,1132095.0,,14080.0,3,386
2013-04-25,Cleveland,United States,Quicken Loans Arena,"Ed Sheeran
Brett Eldredge",15336.0,1247605.0,,15336.0,3,205
2013-04-25,Cleveland,United States,Quicken Loans Arena,"Ed Sheeran
Brett Eldredge",15336.0,1247605.0,,15336.0,3,308
2013-04-25,Cleveland,United States,Quicken Loans Arena,"Ed Sheeran
Brett Eldredge",15336.0,1247605.0,,15336.0,3,387
2013-04-25,Cleveland,United States,Quicken Loans Arena,"Ed Sheeran
Brett Eldredge",15336.0,1247605.0,,15336.0,3,465
2013-04-26,Indianapolis,United States,Bankers Life Fieldhouse,"Ed Sheeran
Brett Eldredge",13573.0,1082042.0,,13573.0,3,388
2013-04-26,Indianapolis,United States,Bankers Life Fieldhouse,"Ed Sheeran
Brett Eldredge",13573.0,1082042.0,,13573.0,3,510
2013-04-27,Lexington,United States,Rupp Arena,"Ed Sheeran
Brett Eldredge",17003.0,1342699.0,,17003.0,3,241
2013-04-27,Lexington,United States,Rupp Arena,"Ed Sheeran
Brett Eldredge",17003.0,1342699.0,,17003.0,3,349
2013-04-27,Lexington,United States,Rupp Arena,"Ed Sheeran
Brett Eldredge",17003.0,1342699.0,,17003.0,3,389
2013-04-27,Lexington,United States,Rupp Arena,"Ed Sheeran
Brett Eldredge",17003.0,1342699.0,,17003.0,3,526
2013-05-04,Detroit,United States,Ford Field,"Ed Sheeran
Austin Mahone
Brett Eldredge",48265.0,3969059.0,,48265.0,3,32
2013-05-04,Detroit,United States,Ford Field,"Ed Sheeran
Austin Mahone
Brett Eldredge",48265.0,3969059.0,,48265.0,3,33
2013-05-04,Detroit,United States,Ford Field,"Ed Sheeran
Austin Mahone
Brett Eldredge",48265.0,3969059.0,,48265.0,3,289
2013-05-04,Detroit,United States,Ford Field,"Ed Sheeran
Austin Mahone
Brett Eldredge",48265.0,3969059.0,,48265.0,3,390
2013-05-04,Detroit,United States,Ford Field,"Ed Sheeran
Austin Mahone
Brett Eldredge",48265.0,3969059.0,,48265.0,3,463
2013-05-04,Detroit,United States,Ford Field,"Ed Sheeran
Austin Mahone
Brett Eldredge",48265.0,3969059.0,,48265.0,3,579
2013-05-07,Louisville,United States,KFC Yum! Center,"Ed Sheeran
Florida Georgia Line",15135.0,1246491.0,,15135.0,3,341
2013-05-07,Louisville,United States,KFC Yum! Center,"Ed Sheeran
Florida Georgia Line",15135.0,1246491.0,,15135.0,3,391
2013-05-07,Louisville,United States,KFC Yum! Center,"Ed Sheeran
Florida Georgia Line",15135.0,1246491.0,,15135.0,3,464
2013-05-08,Columbus,United States,Nationwide Arena,"Ed Sheeran
Florida Georgia Line",14267.0,1155170.0,,14267.0,3,287
2013-05-08,Columbus,United States,Nationwide Arena,"Ed Sheeran
Florida Georgia Line",14267.0,1155170.0,,14267.0,3,392
2013-05-08,Columbus,United States,Nationwide Arena,"Ed Sheeran
Florida Georgia Line",14267.0,1155170.0,,14267.0,3,511
2013-05-08,Columbus,United States,Nationwide Arena,"Ed Sheeran
Florida Georgia Line",14267.0,1155170.0,,14267.0,3,512
2013-05-11,"Washington, D.C.",United States,Verizon Center,"Ed Sheeran
Brett Eldredge",13810.0,1244603.0,,13810.0,3,257
2013-05-11,"Washington, D.C.",United States,Verizon Center,"Ed Sheeran
Brett Eldredge",13810.0,1244603.0,,13810.0,3,258
2013-05-11,"Washington, D.C.",United States,Verizon Center,"Ed Sheeran
Brett Eldredge",13810.0,1244603.0,,13810.0,3,393
2013-05-11,"Washington, D.C.",United States,Verizon Center,"Ed Sheeran
Brett Eldredge",13810.0,1244603.0,,13810.0,3,394
2013-05-12,"Washington, D.C.",United States,Verizon Center,"Ed Sheeran
Brett Eldredge",13809.0,1244602.0,,13809.0,3,257
2013-05-12,"Washington, D.C.",United States,Verizon Center,"Ed Sheeran
Brett Eldredge",13809.0,1244602.0,,13809.0,3,258
2013-05-12,"Washington, D.C.",United States,Verizon Center,"Ed Sheeran
Brett Eldredge",13809.0,1244602.0,,13809.0,3,393
2013-05-12,"Washington, D.C.",United States,Verizon Center,"Ed Sheeran
Brett Eldredge",13809.0,1244602.0,,13809.0,3,394
2013-05-16,Houston,United States,Toyota Center,"Ed Sheeran
Brett Eldredge",12467.0,961422.0,,12467.0,3,254
2013-05-16,Houston,United States,Toyota Center,"Ed Sheeran
Brett Eldredge",12467.0,961422.0,,12467.0,3,255
2013-05-16,Houston,United States,Toyota Center,"Ed Sheeran
Brett Eldredge",12467.0,961422.0,,12467.0,3,395
2013-05-21,Austin,United States,Frank Erwin Center,"Ed Sheeran
Florida Georgia Line",11916.0,935631.0,,11916.0,3,223
2013-05-21,Austin,United States,Frank Erwin Center,"Ed Sheeran
Florida Georgia Line",11916.0,935631.0,,11916.0,3,348
2013-05-21,Austin,United States,Frank Erwin Center,"Ed Sheeran
Florida Georgia Line",11916.0,935631.0,,11916.0,3,396
2013-05-22,San Antonio,United States,AT&T Center,"Ed Sheeran
Florida Georgia Line",13974.0,1105253.0,,13974.0,3,347
2013-05-22,San Antonio,United States,AT&T Center,"Ed Sheeran
Florida Georgia Line",13974.0,1105253.0,,13974.0,3,397
2013-05-25,Arlington,United States,Cowboys Stadium,"Ed Sheeran
Austin Mahone
Florida Georgia Line",53020.0,4589266.0,,53020.0,3,340
2013-05-25,Arlington,United States,Cowboys Stadium,"Ed Sheeran
Austin Mahone
Florida Georgia Line",53020.0,4589266.0,,53020.0,3,398
2013-05-28,Glendale,United States,Jobing.com Arena,"Ed Sheeran
Joel Crouse",13353.0,1119685.0,,13353.0,3,164
2013-05-28,Glendale,United States,Jobing.com Arena,"Ed Sheeran
Joel Crouse",13353.0,1119685.0,,13353.0,3,345
2013-05-28,Glendale,United States,Jobing.com Arena,"Ed Sheeran
Joel Crouse",13353.0,1119685.0,,13353.0,3,346
2013-05-28,Glendale,United States,Jobing.com Arena,"Ed Sheeran
Joel Crouse",13353.0,1119685.0,,13353.0,3,399
2013-05-28,Glendale,United States,Jobing.com Arena,"Ed Sheeran
Joel Crouse",13353.0,1119685.0,,13353.0,3,400
2013-05-29,Glendale,United States,Jobing.com Arena,"Ed Sheeran
Joel Crouse",13352.0,1119685.0,,13352.0,3,164
2013-05-29,Glendale,United States,Jobing.com Arena,"Ed Sheeran
Joel Crouse",13352.0,1119685.0,,13352.0,3,345
2013-05-29,Glendale,United States,Jobing.com Arena,"Ed Sheeran
Joel Crouse",13352.0,1119685.0,,13352.0,3,346
2013-05-29,Glendale,United States,Jobing.com Arena,"Ed Sheeran
Joel Crouse",13352.0,1119685.0,,13352.0,3,399
2013-05-29,Glendale,United States,Jobing.com Arena,"Ed Sheeran
Joel Crouse",13352.0,1119685.0,,13352.0,3,400
2013-06-01,Salt Lake City,United States,EnergySolutions Arena,"Ed Sheeran
Joel Crouse",14007.0,1139360.0,,14007.0,3,168
2013-06-01,Salt Lake City,United States,EnergySolutions Arena,"Ed Sheeran
Joel Crouse",14007.0,1139360.0,,14007.0,3,335
2013-06-01,Salt Lake City,United States,EnergySolutions Arena,"Ed Sheeran
Joel Crouse",14007.0,1139360.0,,14007.0,3,401
2013-06-01,Salt Lake City,United States,EnergySolutions Arena,"Ed Sheeran
Joel Crouse",14007.0,1139360.0,,14007.0,3,503
2013-06-02,Denver,United States,Pepsi Center,"Ed Sheeran
Joel Crouse",13489.0,1076069.0,,13489.0,3,235
2013-06-02,Denver,United States,Pepsi Center,"Ed Sheeran
Joel Crouse",13489.0,1076069.0,,13489.0,3,236
2013-06-02,Denver,United States,Pepsi Center,"Ed Sheeran
Joel Crouse",13489.0,1076069.0,,13489.0,3,334
2013-06-02,Denver,United States,Pepsi Center,"Ed Sheeran
Joel Crouse",13489.0,1076069.0,,13489.0,3,402
2013-06-02,Denver,United States,Pepsi Center,"Ed Sheeran
Joel Crouse",13489.0,1076069.0,,13489.0,3,504
2013-06-02,Denver,United States,Pepsi Center,"Ed Sheeran
Joel Crouse",13489.0,1076069.0,,13489.0,3,505
2013-06-14,Toronto,Canada,Rogers Centre,"Ed Sheeran
Austin Mahone
Joel Crouse",43814.0,3931655.0,,43814.0,3,141
2013-06-14,Toronto,Canada,Rogers Centre,"Ed Sheeran
Austin Mahone
Joel Crouse",43814.0,3931655.0,,43814.0,3,142
2013-06-14,Toronto,Canada,Rogers Centre,"Ed Sheeran
Austin Mahone
Joel Crouse",43814.0,3931655.0,,43814.0,3,143
2013-06-14,Toronto,Canada,Rogers Centre,"Ed Sheeran
Austin Mahone
Joel Crouse",43814.0,3931655.0,,43814.0,3,144
2013-06-14,Toronto,Canada,Rogers Centre,"Ed Sheeran
Austin Mahone
Joel Crouse",43814.0,3931655.0,,43814.0,3,145
2013-06-14,Toronto,Canada,Rogers Centre,"Ed Sheeran
Austin Mahone
Joel Crouse",43814.0,3931655.0,,43814.0,3,146
2013-06-14,Toronto,Canada,Rogers Centre,"Ed Sheeran
Austin Mahone
Joel Crouse",43814.0,3931655.0,,43814.0,3,403
2013-06-14,Toronto,Canada,Rogers Centre,"Ed Sheeran
Austin Mahone
Joel Crouse",43814.0,3931655.0,,43814.0,3,404
2013-06-14,Toronto,Canada,Rogers Centre,"Ed Sheeran
Austin Mahone
Joel Crouse",43814.0,3931655.0,,43814.0,3,519
2013-06-14,Toronto,Canada,Rogers Centre,"Ed Sheeran
Austin Mahone
Joel Crouse",43814.0,3931655.0,,43814.0,3,520
2013-06-14,Toronto,Canada,Rogers Centre,"Ed Sheeran
Austin Mahone
Joel Crouse",43814.0,3931655.0,,43814.0,3,571
2013-06-14,Toronto,Canada,Rogers Centre,"Ed Sheeran
Austin Mahone
Joel Crouse",43814.0,3931655.0,,43814.0,3,572
2013-06-15,Toronto,Canada,Rogers Centre,"Ed Sheeran
Austin Mahone
Joel Crouse",43813.0,3931655.0,,43813.0,3,141
2013-06-15,Toronto,Canada,Rogers Centre,"Ed Sheeran
Austin Mahone
Joel Crouse",43813.0,3931655.0,,43813.0,3,142
2013-06-15,Toronto,Canada,Rogers Centre,"Ed Sheeran
Austin Mahone
Joel Crouse",43813.0,3931655.0,,43813.0,3,143
2013-06-15,Toronto,Canada,Rogers Centre,"Ed Sheeran
Austin Mahone
Joel Crouse",43813.0,3931655.0,,43813.0,3,144
2013-06-15,Toronto,Canada,Rogers Centre,"Ed Sheeran
Austin Mahone
Joel Crouse",43813.0,3931655.0,,43813.0,3,145
2013-06-15,Toronto,Canada,Rogers Centre,"Ed Sheeran
Austin Mahone
Joel Crouse",43813.0,3931655.0,,43813.0,3,146
2013-06-15,Toronto,Canada,Rogers Centre,"Ed Sheeran
Austin Mahone
Joel Crouse",43813.0,3931655.0,,43813.0,3,403
2013-06-15,Toronto,Canada,Rogers Centre,"Ed Sheeran
Austin Mahone
Joel Crouse",43813.0,3931655.0,,43813.0,3,404
2013-06-15,Toronto,Canada,Rogers Centre,"Ed Sheeran
Austin Mahone
Joel Crouse",43813.0,3931655.0,,43813.0,3,519
2013-06-15,Toronto,Canada,Rogers Centre,"Ed Sheeran
Austin Mahone
Joel Crouse",43813.0,3931655.0,,43813.0,3,520
2013-06-15,Toronto,Canada,Rogers Centre,"Ed Sheeran
Austin Mahone
Joel Crouse",43813.0,3931655.0,,43813.0,3,571
2013-06-15,Toronto,Canada,Rogers Centre,"Ed Sheeran
Austin Mahone
Joel Crouse",43813.0,3931655.0,,43813.0,3,572
2013-06-22,Winnipeg,Canada,Investors Group Field,"Ed Sheeran
Austin Mahone
Joel Crouse",33061.0,3175430.0,,33061.0,3,405
2013-06-25,Edmonton,Canada,Rexall Place,"Ed Sheeran
Joel Crouse",12832.0,1189935.0,,12832.0,3,175
2013-06-25,Edmonton,Canada,Rexall Place,"Ed Sheeran
Joel Crouse",12832.0,1189935.0,,12832.0,3,316
2013-06-25,Edmonton,Canada,Rexall Place,"Ed Sheeran
Joel Crouse",12832.0,1189935.0,,12832.0,3,317
2013-06-25,Edmonton,Canada,Rexall Place,"Ed Sheeran
Joel Crouse",12832.0,1189935.0,,12832.0,3,406
2013-06-25,Edmonton,Canada,Rexall Place,"Ed Sheeran
Joel Crouse",12832.0,1189935.0,,12832.0,3,407
2013-06-25,Edmonton,Canada,Rexall Place,"Ed Sheeran
Joel Crouse",12832.0,1189935.0,,12832.0,3,490
2013-06-25,Edmonton,Canada,Rexall Place,"Ed Sheeran
Joel Crouse",12832.0,1189935.0,,12832.0,3,491
2013-06-26,Edmonton,Canada,Rexall Place,"Ed Sheeran
Joel Crouse",12831.0,1189935.0,,12831.0,3,175
2013-06-26,Edmonton,Canada,Rexall Place,"Ed Sheeran
Joel Crouse",12831.0,1189935.0,,12831.0,3,316
2013-06-26,Edmonton,Canada,Rexall Place,"Ed Sheeran
Joel Crouse",12831.0,1189935.0,,12831.0,3,317
2013-06-26,Edmonton,Canada,Rexall Place,"Ed Sheeran
Joel Crouse",12831.0,1189935.0,,12831.0,3,406
2013-06-26,Edmonton,Canada,Rexall Place,"Ed Sheeran
Joel Crouse",12831.0,1189935.0,,12831.0,3,407
2013-06-26,Edmonton,Canada,Rexall Place,"Ed Sheeran
Joel Crouse",12831.0,1189935.0,,12831.0,3,490
2013-06-26,Edmonton,Canada,Rexall Place,"Ed Sheeran
Joel Crouse",12831.0,1189935.0,,12831.0,3,491
2013-06-29,Vancouver,Canada,BC Place Stadium,"Ed Sheeran
Austin Mahone
Joel Crouse",41142.0,3974410.0,,41142.0,3,408
2013-07-06,Pittsburgh,United States,Heinz Field,"Ed Sheeran
Austin Mahone
Joel Crouse",56047.0,4718518.0,,56047.0,3,292
2013-07-06,Pittsburgh,United States,Heinz Field,"Ed Sheeran
Austin Mahone
Joel Crouse",56047.0,4718518.0,,56047.0,3,409
2013-07-06,Pittsburgh,United States,Heinz Field,"Ed Sheeran
Austin Mahone
Joel Crouse",56047.0,4718518.0,,56047.0,3,466
2013-07-06,Pittsburgh,United States,Heinz Field,"Ed Sheeran
Austin Mahone
Joel Crouse",56047.0,4718518.0,,56047.0,3,573
2013-07-13,East Rutherford,United States,MetLife Stadium,"Ed Sheeran
Austin Mahone
Joel Crouse",52399.0,4670011.0,,52399.0,3,26
2013-07-13,East Rutherford,United States,MetLife Stadium,"Ed Sheeran
Austin Mahone
Joel Crouse",52399.0,4670011.0,,52399.0,3,27
2013-07-13,East Rutherford,United States,MetLife Stadium,"Ed Sheeran
Austin Mahone
Joel Crouse",52399.0,4670011.0,,52399.0,3,28
2013-07-13,East Rutherford,United States,MetLife Stadium,"Ed Sheeran
Austin Mahone
Joel Crouse",52399.0,4670011.0,,52399.0,3,410
2013-07-13,East Rutherford,United States,MetLife Stadium,"Ed Sheeran
Austin Mahone
Joel Crouse",52399.0,4670011.0,,52399.0,3,481
2013-07-13,East Rutherford,United States,MetLife Stadium,"Ed Sheeran
Austin Mahone
Joel Crouse",52399.0,4670011.0,,52399.0,3,482
2013-07-13,East Rutherford,United States,MetLife Stadium,"Ed Sheeran
Austin Mahone
Joel Crouse",52399.0,4670011.0,,52399.0,3,565
2013-07-13,East Rutherford,United States,MetLife Stadium,"Ed Sheeran
Austin Mahone
Joel Crouse",52399.0,4670011.0,,52399.0,3,566
2013-07-13,East Rutherford,United States,MetLife Stadium,"Ed Sheeran
Austin Mahone
Joel Crouse",52399.0,4670011.0,,52399.0,3,567
2013-07-19,Philadelphia,United States,Lincoln Financial Field,"Ed Sheeran
Austin Mahone
Joel Crouse",50639.0,4411168.0,,50639.0,3,20
2013-07-19,Philadelphia,United States,Lincoln Financial Field,"Ed Sheeran
Austin Mahone
Joel Crouse",50639.0,4411168.0,,50639.0,3,21
2013-07-19,Philadelphia,United States,Lincoln Financial Field,"Ed Sheeran
Austin Mahone
Joel Crouse",50639.0,4411168.0,,50639.0,3,22
2013-07-19,Philadelphia,United States,Lincoln Financial Field,"Ed Sheeran
Austin Mahone
Joel Crouse",50639.0,4411168.0,,50639.0,3,311
2013-07-19,Philadelphia,United States,Lincoln Financial Field,"Ed Sheeran
Austin Mahone
Joel Crouse",50639.0,4411168.0,,50639.0,3,411
2013-07-19,Philadelphia,United States,Lincoln Financial Field,"Ed Sheeran
Austin Mahone
Joel Crouse",50639.0,4411168.0,,50639.0,3,412
2013-07-19,Philadelphia,United States,Lincoln Financial Field,"Ed Sheeran
Austin Mahone
Joel Crouse",50639.0,4411168.0,,50639.0,3,469
2013-07-19,Philadelphia,United States,Lincoln Financial Field,"Ed Sheeran
Austin Mahone
Joel Crouse",50639.0,4411168.0,,50639.0,3,470
2013-07-19,Philadelphia,United States,Lincoln Financial Field,"Ed Sheeran
Austin Mahone
Joel Crouse",50639.0,4411168.0,,50639.0,3,562
2013-07-19,Philadelphia,United States,Lincoln Financial Field,"Ed Sheeran
Austin Mahone
Joel Crouse",50639.0,4411168.0,,50639.0,3,563
2013-07-20,Philadelphia,United States,Lincoln Financial Field,"Ed Sheeran
Austin Mahone
Joel Crouse",50638.0,4411167.0,,50638.0,3,20
2013-07-20,Philadelphia,United States,Lincoln Financial Field,"Ed Sheeran
Austin Mahone
Joel Crouse",50638.0,4411167.0,,50638.0,3,21
2013-07-20,Philadelphia,United States,Lincoln Financial Field,"Ed Sheeran
Austin Mahone
Joel Crouse",50638.0,4411167.0,,50638.0,3,22
2013-07-20,Philadelphia,United States,Lincoln Financial Field,"Ed Sheeran
Austin Mahone
Joel Crouse",50638.0,4411167.0,,50638.0,3,311
2013-07-20,Philadelphia,United States,Lincoln Financial Field,"Ed Sheeran
Austin Mahone
Joel Crouse",50638.0,4411167.0,,50638.0,3,411
2013-07-20,Philadelphia,United States,Lincoln Financial Field,"Ed Sheeran
Austin Mahone
Joel Crouse",50638.0,4411167.0,,50638.0,3,412
2013-07-20,Philadelphia,United States,Lincoln Financial Field,"Ed Sheeran
Austin Mahone
Joel Crouse",50638.0,4411167.0,,50638.0,3,469
2013-07-20,Philadelphia,United States,Lincoln Financial Field,"Ed Sheeran
Austin Mahone
Joel Crouse",50638.0,4411167.0,,50638.0,3,470
2013-07-20,Philadelphia,United States,Lincoln Financial Field,"Ed Sheeran
Austin Mahone
Joel Crouse",50638.0,4411167.0,,50638.0,3,562
2013-07-20,Philadelphia,United States,Lincoln Financial Field,"Ed Sheeran
Austin Mahone
Joel Crouse",50638.0,4411167.0,,50638.0,3,563
2013-07-26,Foxborough,United States,Gillette Stadium,"Ed Sheeran
Austin Mahone
Joel Crouse",55356.0,4732032.0,,55356.0,3,23
2013-07-26,Foxborough,United States,Gillette Stadium,"Ed Sheeran
Austin Mahone
Joel Crouse",55356.0,4732032.0,,55356.0,3,24
2013-07-26,Foxborough,United States,Gillette Stadium,"Ed Sheeran
Austin Mahone
Joel Crouse",55356.0,4732032.0,,55356.0,3,25
2013-07-26,Foxborough,United States,Gillette Stadium,"Ed Sheeran
Austin Mahone
Joel Crouse",55356.0,4732032.0,,55356.0,3,259
2013-07-26,Foxborough,United States,Gillette Stadium,"Ed Sheeran
Austin Mahone
Joel Crouse",55356.0,4732032.0,,55356.0,3,295
2013-07-26,Foxborough,United States,Gillette Stadium,"Ed Sheeran
Austin Mahone
Joel Crouse",55356.0,4732032.0,,55356.0,3,296
2013-07-26,Foxborough,United States,Gillette Stadium,"Ed Sheeran
Austin Mahone
Joel Crouse",55356.0,4732032.0,,55356.0,3,413
2013-07-26,Foxborough,United States,Gillette Stadium,"Ed Sheeran
Austin Mahone
Joel Crouse",55356.0,4732032.0,,55356.0,3,414
2013-07-26,Foxborough,United States,Gillette Stadium,"Ed Sheeran
Austin Mahone
Joel Crouse",55356.0,4732032.0,,55356.0,3,487
2013-07-26,Foxborough,United States,Gillette Stadium,"Ed Sheeran
Austin Mahone
Joel Crouse",55356.0,4732032.0,,55356.0,3,488
2013-07-26,Foxborough,United States,Gillette Stadium,"Ed Sheeran
Austin Mahone
Joel Crouse",55356.0,4732032.0,,55356.0,3,568
2013-07-26,Foxborough,United States,Gillette Stadium,"Ed Sheeran
Austin Mahone
Joel Crouse",55356.0,4732032.0,,55356.0,3,569
2013-07-26,Foxborough,United States,Gillette Stadium,"Ed Sheeran
Austin Mahone
Joel Crouse",55356.0,4732032.0,,55356.0,3,570
2013-07-27,Foxborough,United States,Gillette Stadium,"Ed Sheeran
Austin Mahone
Joel Crouse",55356.0,4732031.0,,55356.0,3,23
2013-07-27,Foxborough,United States,Gillette Stadium,"Ed Sheeran
Austin Mahone
Joel Crouse",55356.0,4732031.0,,55356.0,3,24
2013-07-27,Foxborough,United States,Gillette Stadium,"Ed Sheeran
Austin Mahone
Joel Crouse",55356.0,4732031.0,,55356.0,3,25
2013-07-27,Foxborough,United States,Gillette Stadium,"Ed Sheeran
Austin Mahone
Joel Crouse",55356.0,4732031.0,,55356.0,3,259
2013-07-27,Foxborough,United States,Gillette Stadium,"Ed Sheeran
Austin Mahone
Joel Crouse",55356.0,4732031.0,,55356.0,3,295
2013-07-27,Foxborough,United States,Gillette Stadium,"Ed Sheeran
Austin Mahone
Joel Crouse",55356.0,4732031.0,,55356.0,3,296
2013-07-27,Foxborough,United States,Gillette Stadium,"Ed Sheeran
Austin Mahone
Joel Crouse",55356.0,4732031.0,,55356.0,3,413
2013-07-27,Foxborough,United States,Gillette Stadium,"Ed Sheeran
Austin Mahone
Joel Crouse",55356.0,4732031.0,,55356.0,3,414
2013-07-27,Foxborough,United States,Gillette Stadium,"Ed Sheeran
Austin Mahone
Joel Crouse",55356.0,4732031.0,,55356.0,3,487
2013-07-27,Foxborough,United States,Gillette Stadium,"Ed Sheeran
Austin Mahone
Joel Crouse",55356.0,4732031.0,,55356.0,3,488
2013-07-27,Foxborough,United States,Gillette Stadium,"Ed Sheeran
Austin Mahone
Joel Crouse",55356.0,4732031.0,,55356.0,3,568
2013-07-27,Foxborough,United States,Gillette Stadium,"Ed Sheeran
Austin Mahone
Joel Crouse",55356.0,4732031.0,,55356.0,3,569
2013-07-27,Foxborough,United States,Gillette Stadium,"Ed Sheeran
Austin Mahone
Joel Crouse",55356.0,4732031.0,,55356.0,3,570
2013-08-01,Des Moines,United States,Wells Fargo Arena,"Ed Sheeran
Florida Georgia Line",13368.0,1075576.0,,13368.0,3,244
2013-08-01,Des Moines,United States,Wells Fargo Arena,"Ed Sheeran
Florida Georgia Line",13368.0,1075576.0,,13368.0,3,283
2013-08-01,Des Moines,United States,Wells Fargo Arena,"Ed Sheeran
Florida Georgia Line",13368.0,1075576.0,,13368.0,3,415
2013-08-01,Des Moines,United States,Wells Fargo Arena,"Ed Sheeran
Florida Georgia Line",13368.0,1075576.0,,13368.0,3,521
2013-08-02,Kansas City,United States,Sprint Center,"Ed Sheeran
Florida Georgia Line",13206.0,1046586.0,,13206.0,3,234
2013-08-02,Kansas City,United States,Sprint Center,"Ed Sheeran
Florida Georgia Line",13206.0,1046586.0,,13206.0,3,416
2013-08-02,Kansas City,United States,Sprint Center,"Ed Sheeran
Florida Georgia Line",13206.0,1046586.0,,13206.0,3,417
2013-08-02,Kansas City,United States,Sprint Center,"Ed Sheeran
Florida Georgia Line",13206.0,1046586.0,,13206.0,3,513
2013-08-02,Kansas City,United States,Sprint Center,"Ed Sheeran
Florida Georgia Line",13206.0,1046586.0,,13206.0,3,514
2013-08-03,Kansas City,United States,Sprint Center,"Ed Sheeran
Florida Georgia Line",13206.0,1046586.0,,13206.0,3,234
2013-08-03,Kansas City,United States,Sprint Center,"Ed Sheeran
Florida Georgia Line",13206.0,1046586.0,,13206.0,3,416
2013-08-03,Kansas City,United States,Sprint Center,"Ed Sheeran
Florida Georgia Line",13206.0,1046586.0,,13206.0,3,417
2013-08-03,Kansas City,United States,Sprint Center,"Ed Sheeran
Florida Georgia Line",13206.0,1046586.0,,13206.0,3,513
2013-08-03,Kansas City,United States,Sprint Center,"Ed Sheeran
Florida Georgia Line",13206.0,1046586.0,,13206.0,3,514
2013-08-06,Wichita,United States,Intrust Bank Arena,"Ed Sheeran
Casey James",12231.0,983882.0,,12231.0,3,233
2013-08-06,Wichita,United States,Intrust Bank Arena,"Ed Sheeran
Casey James",12231.0,983882.0,,12231.0,3,418
2013-08-07,Tulsa,United States,BOK Center,"Ed Sheeran
Casey James",10949.0,868955.0,,10949.0,3,202
2013-08-07,Tulsa,United States,BOK Center,"Ed Sheeran
Casey James",10949.0,868955.0,,10949.0,3,332
2013-08-07,Tulsa,United States,BOK Center,"Ed Sheeran
Casey James",10949.0,868955.0,,10949.0,3,419
2013-08-10,Chicago,United States,Soldier Field,"Ed Sheeran
Austin Mahone
Casey James",50809.0,4149148.0,,50809.0,3,29
2013-08-10,Chicago,United States,Soldier Field,"Ed Sheeran
Austin Mahone
Casey James",50809.0,4149148.0,,50809.0,3,30
2013-08-10,Chicago,United States,Soldier Field,"Ed Sheeran
Austin Mahone
Casey James",50809.0,4149148.0,,50809.0,3,31
2013-08-10,Chicago,United States,Soldier Field,"Ed Sheeran
Austin Mahone
Casey James",50809.0,4149148.0,,50809.0,3,420
2013-08-10,Chicago,United States,Soldier Field,"Ed Sheeran
Austin Mahone
Casey James",50809.0,4149148.0,,50809.0,3,485
2013-08-10,Chicago,United States,Soldier Field,"Ed Sheeran
Austin Mahone
Casey James",50809.0,4149148.0,,50809.0,3,486
2013-08-10,Chicago,United States,Soldier Field,"Ed Sheeran
Austin Mahone
Casey James",50809.0,4149148.0,,50809.0,3,550
2013-08-10,Chicago,United States,Soldier Field,"Ed Sheeran
Austin Mahone
Casey James",50809.0,4149148.0,,50809.0,3,551
2013-08-15,San Diego,United States,Valley View Casino Center,"Ed Sheeran
Casey James",10872.0,948541.0,,10872.0,3,167
2013-08-15,San Diego,United States,Valley View Casino Center,"Ed Sheeran
Casey James",10872.0,948541.0,,10872.0,3,344
2013-08-15,San Diego,United States,Valley View Casino Center,"Ed Sheeran
Casey James",10872.0,948541.0,,10872.0,3,421
2013-08-19,Los Angeles,United States,Staples Center,"Ed Sheeran
Casey James",13958.0,1183616.0,,13958.0,3,165
2013-08-19,Los Angeles,United States,Staples Center,"Ed Sheeran
Casey James",13958.0,1183616.0,,13958.0,3,239
2013-08-19,Los Angeles,United States,Staples Center,"Ed Sheeran
Casey James",13958.0,1183616.0,,13958.0,3,240
2013-08-19,Los Angeles,United States,Staples Center,"Ed Sheeran
Casey James",13958.0,1183616.0,,13958.0,3,318
2013-08-19,Los Angeles,United States,Staples Center,"Ed Sheeran
Casey James",13958.0,1183616.0,,13958.0,3,319
2013-08-19,Los Angeles,United States,Staples Center,"Ed Sheeran
Casey James",13958.0,1183616.0,,13958.0,3,320
2013-08-19,Los Angeles,United States,Staples Center,"Ed Sheeran
Casey James",13958.0,1183616.0,,13958.0,3,321
2013-08-19,Los Angeles,United States,Staples Center,"Ed Sheeran
Casey James",13958.0,1183616.0,,13958.0,3,422
2013-08-19,Los Angeles,United States,Staples Center,"Ed Sheeran
Casey James",13958.0,1183616.0,,13958.0,3,423
2013-08-19,Los Angeles,United States,Staples Center,"Ed Sheeran
Casey James",13958.0,1183616.0,,13958.0,3,424
2013-08-19,Los Angeles,United States,Staples Center,"Ed Sheeran
Casey James",13958.0,1183616.0,,13958.0,3,425
2013-08-19,Los Angeles,United States,Staples Center,"Ed Sheeran
Casey James",13958.0,1183616.0,,13958.0,3,497
2013-08-19,Los Angeles,United States,Staples Center,"Ed Sheeran
Casey James",13958.0,1183616.0,,13958.0,3,498
2013-08-19,Los Angeles,United States,Staples Center,"Ed Sheeran
Casey James",13958.0,1183616.0,,13958.0,3,499
2013-08-19,Los Angeles,United States,Staples Center,"Ed Sheeran
Casey James",13958.0,1183616.0,,13958.0,3,500
2013-08-19,Los Angeles,United States,Staples Center,"Ed Sheeran
Casey James",13958.0,1183616.0,,13958.0,3,501
2013-08-20,Los Angeles,United States,Staples Center,"Ed Sheeran
Casey James",13957.0,1183616.0,,13957.0,3,165
2013-08-20,Los Angeles,United States,Staples Center,"Ed Sheeran
Casey James",13957.0,1183616.0,,13957.0,3,239
2013-08-20,Los Angeles,United States,Staples Center,"Ed Sheeran
Casey James",13957.0,1183616.0,,13957.0,3,240
2013-08-20,Los Angeles,United States,Staples Center,"Ed Sheeran
Casey James",13957.0,1183616.0,,13957.0,3,318
2013-08-20,Los Angeles,United States,Staples Center,"Ed Sheeran
Casey James",13957.0,1183616.0,,13957.0,3,319
2013-08-20,Los Angeles,United States,Staples Center,"Ed Sheeran
Casey James",13957.0,1183616.0,,13957.0,3,320
2013-08-20,Los Angeles,United States,Staples Center,"Ed Sheeran
Casey James",13957.0,1183616.0,,13957.0,3,321
2013-08-20,Los Angeles,United States,Staples Center,"Ed Sheeran
Casey James",13957.0,1183616.0,,13957.0,3,422
2013-08-20,Los Angeles,United States,Staples Center,"Ed Sheeran
Casey James",13957.0,1183616.0,,13957.0,3,423
2013-08-20,Los Angeles,United States,Staples Center,"Ed Sheeran
Casey James",13957.0,1183616.0,,13957.0,3,424
2013-08-20,Los Angeles,United States,Staples Center,"Ed Sheeran
Casey James",13957.0,1183616.0,,13957.0,3,425
2013-08-20,Los Angeles,United States,Staples Center,"Ed Sheeran
Casey James",13957.0,1183616.0,,13957.0,3,497
2013-08-20,Los Angeles,United States,Staples Center,"Ed Sheeran
Casey James",13957.0,1183616.0,,13957.0,3,498
2013-08-20,Los Angeles,United States,Staples Center,"Ed Sheeran
Casey James",13957.0,1183616.0,,13957.0,3,499
2013-08-20,Los Angeles,United States,Staples Center,"Ed Sheeran
Casey James",13957.0,1183616.0,,13957.0,3,500
2013-08-20,Los Angeles,United States,Staples Center,"Ed Sheeran
Casey James",13957.0,1183616.0,,13957.0,3,501
2013-08-23,Los Angeles,United States,Staples Center,"Ed Sheeran
Casey James",13957.0,1183616.0,,13957.0,3,165
2013-08-23,Los Angeles,United States,Staples Center,"Ed Sheeran
Casey James",13957.0,1183616.0,,13957.0,3,239
2013-08-23,Los Angeles,United States,Staples Center,"Ed Sheeran
Casey James",13957.0,1183616.0,,13957.0,3,240
2013-08-23,Los Angeles,United States,Staples Center,"Ed Sheeran
Casey James",13957.0,1183616.0,,13957.0,3,318
2013-08-23,Los Angeles,United States,Staples Center,"Ed Sheeran
Casey James",13957.0,1183616.0,,13957.0,3,319
2013-08-23,Los Angeles,United States,Staples Center,"Ed Sheeran
Casey James",13957.0,1183616.0,,13957.0,3,320
2013-08-23,Los Angeles,United States,Staples Center,"Ed Sheeran
Casey James",13957.0,1183616.0,,13957.0,3,321
2013-08-23,Los Angeles,United States,Staples Center,"Ed Sheeran
Casey James",13957.0,1183616.0,,13957.0,3,422
2013-08-23,Los Angeles,United States,Staples Center,"Ed Sheeran
Casey James",13957.0,1183616.0,,13957.0,3,423
2013-08-23,Los Angeles,United States,Staples Center,"Ed Sheeran
Casey James",13957.0,1183616.0,,13957.0,3,424
2013-08-23,Los Angeles,United States,Staples Center,"Ed Sheeran
Casey James",13957.0,1183616.0,,13957.0,3,425
2013-08-23,Los Angeles,United States,Staples Center,"Ed Sheeran
Casey James",13957.0,1183616.0,,13957.0,3,497
2013-08-23,Los Angeles,United States,Staples Center,"Ed Sheeran
Casey James",13957.0,1183616.0,,13957.0,3,498
2013-08-23,Los Angeles,United States,Staples Center,"Ed Sheeran
Casey James",13957.0,1183616.0,,13957.0,3,499
2013-08-23,Los Angeles,United States,Staples Center,"Ed Sheeran
Casey James",13957.0,1183616.0,,13957.0,3,500
2013-08-23,Los Angeles,United States,Staples Center,"Ed Sheeran
Casey James",13957.0,1183616.0,,13957.0,3,501
2013-08-24,Los Angeles,United States,Staples Center,"Ed Sheeran
Casey James",13957.0,1183615.0,,13957.0,3,165
2013-08-24,Los Angeles,United States,Staples Center,"Ed Sheeran
Casey James",13957.0,1183615.0,,13957.0,3,239
2013-08-24,Los Angeles,United States,Staples Center,"Ed Sheeran
Casey James",13957.0,1183615.0,,13957.0,3,240
2013-08-24,Los Angeles,United States,Staples Center,"Ed Sheeran
Casey James",13957.0,1183615.0,,13957.0,3,318
2013-08-24,Los Angeles,United States,Staples Center,"Ed Sheeran
Casey James",13957.0,1183615.0,,13957.0,3,319
2013-08-24,Los Angeles,United States,Staples Center,"Ed Sheeran
Casey James",13957.0,1183615.0,,13957.0,3,320
2013-08-24,Los Angeles,United States,Staples Center,"Ed Sheeran
Casey James",13957.0,1183615.0,,13957.0,3,321
2013-08-24,Los Angeles,United States,Staples Center,"Ed Sheeran
Casey James",13957.0,1183615.0,,13957.0,3,422
2013-08-24,Los Angeles,United States,Staples Center,"Ed Sheeran
Casey James",13957.0,1183615.0,,13957.0,3,423
2013-08-24,Los Angeles,United States,Staples Center,"Ed Sheeran
Casey James",13957.0,1183615.0,,13957.0,3,424
2013-08-24,Los Angeles,United States,Staples Center,"Ed Sheeran
Casey James",13957.0,1183615.0,,13957.0,3,425
2013-08-24,Los Angeles,United States,Staples Center,"Ed Sheeran
Casey James",13957.0,1183615.0,,13957.0,3,497
2013-08-24,Los Angeles,United States,Staples Center,"Ed Sheeran
Casey James",13957.0,1183615.0,,13957.0,3,498
2013-08-24,Los Angeles,United States,Staples Center,"Ed Sheeran
Casey James",13957.0,1183615.0,,13957.0,3,499
2013-08-24,Los Angeles,United States,Staples Center,"Ed Sheeran
Casey James",13957.0,1183615.0,,13957.0,3,500
2013-08-24,Los Angeles,United States,Staples Center,"Ed Sheeran
Casey James",13957.0,1183615.0,,13957.0,3,501
2013-08-27,Sacramento,United States,Sleep Train Arena,"Ed Sheeran
Casey James",12795.0,1138103.0,,12795.0,3,426
2013-08-30,Portland,United States,Moda Center,"Ed Sheeran
Casey James",13952.0,1084760.0,,13952.0,3,427
2013-08-31,Tacoma,United States,Tacoma Dome,"Ed Sheeran
Casey James",20348.0,1584049.0,,20348.0,3,326
2013-08-31,Tacoma,United States,Tacoma Dome,"Ed Sheeran
Casey James",20348.0,1584049.0,,20348.0,3,428
2013-09-06,Fargo,United States,Fargodome,"Ed Sheeran
Casey James",21073.0,1661578.0,,21073.0,3,429
2013-09-06,Fargo,United States,Fargodome,"Ed Sheeran
Casey James",21073.0,1661578.0,,21073.0,3,524
2013-09-07,Saint Paul,United States,Xcel Energy Center,"Ed Sheeran
Casey James",14460.0,1160469.0,,14460.0,3,245
2013-09-07,Saint Paul,United States,Xcel Energy Center,"Ed Sheeran
Casey James",14460.0,1160469.0,,14460.0,3,290
2013-09-07,Saint Paul,United States,Xcel Energy Center,"Ed Sheeran
Casey James",14460.0,1160469.0,,14460.0,3,291
2013-09-07,Saint Paul,United States,Xcel Energy Center,"Ed Sheeran
Casey James",14460.0,1160469.0,,14460.0,3,430
2013-09-07,Saint Paul,United States,Xcel Energy Center,"Ed Sheeran
Casey James",14460.0,1160469.0,,14460.0,3,431
2013-09-07,Saint Paul,United States,Xcel Energy Center,"Ed Sheeran
Casey James",14460.0,1160469.0,,14460.0,3,507
2013-09-07,Saint Paul,United States,Xcel Energy Center,"Ed Sheeran
Casey James",14460.0,1160469.0,,14460.0,3,508
2013-09-07,Saint Paul,United States,Xcel Energy Center,"Ed Sheeran
Casey James",14460.0,1160469.0,,14460.0,3,509
2013-09-08,Saint Paul,United States,Xcel Energy Center,"Ed Sheeran
Casey James",14460.0,1160468.0,,14460.0,3,245
2013-09-08,Saint Paul,United States,Xcel Energy Center,"Ed Sheeran
Casey James",14460.0,1160468.0,,14460.0,3,290
2013-09-08,Saint Paul,United States,Xcel Energy Center,"Ed Sheeran
Casey James",14460.0,1160468.0,,14460.0,3,291
2013-09-08,Saint Paul,United States,Xcel Energy Center,"Ed Sheeran
Casey James",14460.0,1160468.0,,14460.0,3,430
2013-09-08,Saint Paul,United States,Xcel Energy Center,"Ed Sheeran
Casey James",14460.0,1160468.0,,14460.0,3,431
2013-09-08,Saint Paul,United States,Xcel Energy Center,"Ed Sheeran
Casey James",14460.0,1160468.0,,14460.0,3,507
2013-09-08,Saint Paul,United States,Xcel Energy Center,"Ed Sheeran
Casey James",14460.0,1160468.0,,14460.0,3,508
2013-09-08,Saint Paul,United States,Xcel Energy Center,"Ed Sheeran
Casey James",14460.0,1160468.0,,14460.0,3,509
2013-09-12,Greensboro,United States,Greensboro Coliseum,"Ed Sheeran
Casey James",13650.0,1109253.0,,13650.0,3,171
2013-09-12,Greensboro,United States,Greensboro Coliseum,"Ed Sheeran
Casey James",13650.0,1109253.0,,13650.0,3,297
2013-09-12,Greensboro,United States,Greensboro Coliseum,"Ed Sheeran
Casey James",13650.0,1109253.0,,13650.0,3,432
2013-09-12,Greensboro,United States,Greensboro Coliseum,"Ed Sheeran
Casey James",13650.0,1109253.0,,13650.0,3,527
2013-09-13,Raleigh,United States,PNC Arena,"Ed Sheeran
Casey James",13941.0,1088612.0,,13941.0,3,433
2013-09-13,Raleigh,United States,PNC Arena,"Ed Sheeran
Casey James",13941.0,1088612.0,,13941.0,3,468
2013-09-14,Charlottesville,United States,John Paul Jones Arena,"Ed Sheeran
Casey James",12689.0,997216.0,,12689.0,3,228
2013-09-14,Charlottesville,United States,John Paul Jones Arena,"Ed Sheeran
Casey James",12689.0,997216.0,,12689.0,3,434
2013-09-19,Nashville,United States,Bridgestone Arena,"Ed Sheeran
Casey James",13764.0,1112182.0,,13764.0,3,199
2013-09-19,Nashville,United States,Bridgestone Arena,"Ed Sheeran
Casey James",13764.0,1112182.0,,13764.0,3,329
2013-09-19,Nashville,United States,Bridgestone Arena,"Ed Sheeran
Casey James",13764.0,1112182.0,,13764.0,3,330
2013-09-19,Nashville,United States,Bridgestone Arena,"Ed Sheeran
Casey James",13764.0,1112182.0,,13764.0,3,435
2013-09-19,Nashville,United States,Bridgestone Arena,"Ed Sheeran
Casey James",13764.0,1112182.0,,13764.0,3,436
2013-09-19,Nashville,United States,Bridgestone Arena,"Ed Sheeran
Casey James",13764.0,1112182.0,,13764.0,3,437
2013-09-19,Nashville,United States,Bridgestone Arena,"Ed Sheeran
Casey James",13764.0,1112182.0,,13764.0,3,515
2013-09-19,Nashville,United States,Bridgestone Arena,"Ed Sheeran
Casey James",13764.0,1112182.0,,13764.0,3,516
2013-09-20,Nashville,United States,Bridgestone Arena,"Ed Sheeran
Casey James",13764.0,1112182.0,,13764.0,3,199
2013-09-20,Nashville,United States,Bridgestone Arena,"Ed Sheeran
Casey James",13764.0,1112182.0,,13764.0,3,329
2013-09-20,Nashville,United States,Bridgestone Arena,"Ed Sheeran
Casey James",13764.0,1112182.0,,13764.0,3,330
2013-09-20,Nashville,United States,Bridgestone Arena,"Ed Sheeran
Casey James",13764.0,1112182.0,,13764.0,3,435
2013-09-20,Nashville,United States,Bridgestone Arena,"Ed Sheeran
Casey James",13764.0,1112182.0,,13764.0,3,436
2013-09-20,Nashville,United States,Bridgestone Arena,"Ed Sheeran
Casey James",13764.0,1112182.0,,13764.0,3,437
2013-09-20,Nashville,United States,Bridgestone Arena,"Ed Sheeran
Casey James",13764.0,1112182.0,,13764.0,3,515
2013-09-20,Nashville,United States,Bridgestone Arena,"Ed Sheeran
Casey James",13764.0,1112182.0,,13764.0,3,516
2013-09-21,Nashville,United States,Bridgestone Arena,"Ed Sheeran
Casey James",13764.0,1112181.0,,13764.0,3,199
2013-09-21,Nashville,United States,Bridgestone Arena,"Ed Sheeran
Casey James",13764.0,1112181.0,,13764.0,3,329
2013-09-21,Nashville,United States,Bridgestone Arena,"Ed Sheeran
Casey James",13764.0,1112181.0,,13764.0,3,330
2013-09-21,Nashville,United States,Bridgestone Arena,"Ed Sheeran
Casey James",13764.0,1112181.0,,13764.0,3,435
2013-09-21,Nashville,United States,Bridgestone Arena,"Ed Sheeran
Casey James",13764.0,1112181.0,,13764.0,3,436
2013-09-21,Nashville,United States,Bridgestone Arena,"Ed Sheeran
Casey James",13764.0,1112181.0,,13764.0,3,437
2013-09-21,Nashville,United States,Bridgestone Arena,"Ed Sheeran
Casey James",13764.0,1112181.0,,13764.0,3,515
2013-09-21,Nashville,United States,Bridgestone Arena,"Ed Sheeran
Casey James",13764.0,1112181.0,,13764.0,3,516
2013-11-29,Auckland,New Zealand,Vector Arena,,10267.0,1033430.0,Neon Trees,10267.0,3,369
2013-11-29,Auckland,New Zealand,Vector Arena,,10267.0,1033430.0,Neon Trees,10267.0,3,370
2013-11-29,Auckland,New Zealand,Vector Arena,,10267.0,1033430.0,Neon Trees,10267.0,3,371
2013-11-29,Auckland,New Zealand,Vector Arena,,10267.0,1033430.0,Neon Trees,10267.0,3,438
2013-11-29,Auckland,New Zealand,Vector Arena,,10267.0,1033430.0,Neon Trees,10267.0,3,439
2013-11-29,Auckland,New Zealand,Vector Arena,,10267.0,1033430.0,Neon Trees,10267.0,3,440
2013-11-30,Auckland,New Zealand,Vector Arena,,10266.0,1033430.0,Neon Trees,10266.0,3,369
2013-11-30,Auckland,New Zealand,Vector Arena,,10266.0,1033430.0,Neon Trees,10266.0,3,370
2013-11-30,Auckland,New Zealand,Vector Arena,,10266.0,1033430.0,Neon Trees,10266.0,3,371
2013-11-30,Auckland,New Zealand,Vector Arena,,10266.0,1033430.0,Neon Trees,10266.0,3,438
2013-11-30,Auckland,New Zealand,Vector Arena,,10266.0,1033430.0,Neon Trees,10266.0,3,439
2013-11-30,Auckland,New Zealand,Vector Arena,,10266.0,1033430.0,Neon Trees,10266.0,3,440
2013-12-01,Auckland,New Zealand,Vector Arena,,10266.0,1033430.0,Neon Trees,10266.0,3,369
2013-12-01,Auckland,New Zealand,Vector Arena,,10266.0,1033430.0,Neon Trees,10266.0,3,370
2013-12-01,Auckland,New Zealand,Vector Arena,,10266.0,1033430.0,Neon Trees,10266.0,3,371
2013-12-01,Auckland,New Zealand,Vector Arena,,10266.0,1033430.0,Neon Trees,10266.0,3,438
2013-12-01,Auckland,New Zealand,Vector Arena,,10266.0,1033430.0,Neon Trees,10266.0,3,439
2013-12-01,Auckland,New Zealand,Vector Arena,,10266.0,1033430.0,Neon Trees,10266.0,3,440
2013-12-04,Sydney,Australia,Allianz Stadium,,40930.0,4096060.0,"Guy Sebastian
Neon Trees",40930.0,3,441
2013-12-07,Brisbane,Australia,Suncorp Stadium,,38907.0,3895810.0,"Guy Sebastian
Neon Trees",38907.0,3,442
2013-12-07,Brisbane,Australia,Suncorp Stadium,,38907.0,3895810.0,"Guy Sebastian
Neon Trees",38907.0,3,537
2013-12-11,Perth,Australia,nib Stadium,,21827.0,2364080.0,"Guy Sebastian
Neon Trees",21827.0,3,443
2013-12-14,Melbourne,Australia,Etihad Stadium,,47257.0,4547250.0,"Guy Sebastian
Neon Trees",47257.0,3,444
2014-02-01,London,England,The O2 Arena,,14948.0,1165848.0,The Vamps,14948.0,3,280
2014-02-01,London,England,The O2 Arena,,14948.0,1165848.0,The Vamps,14948.0,3,445
2014-02-01,London,England,The O2 Arena,,14948.0,1165848.0,The Vamps,14948.0,3,446
2014-02-01,London,England,The O2 Arena,,14948.0,1165848.0,The Vamps,14948.0,3,447
2014-02-01,London,England,The O2 Arena,,14948.0,1165848.0,The Vamps,14948.0,3,449
2014-02-01,London,England,The O2 Arena,,14948.0,1165848.0,The Vamps,14948.0,3,450
2014-02-02,London,England,The O2 Arena,,14948.0,1165848.0,The Vamps,14948.0,3,280
2014-02-02,London,England,The O2 Arena,,14948.0,1165848.0,The Vamps,14948.0,3,445
2014-02-02,London,England,The O2 Arena,,14948.0,1165848.0,The Vamps,14948.0,3,446
2014-02-02,London,England,The O2 Arena,,14948.0,1165848.0,The Vamps,14948.0,3,447
2014-02-02,London,England,The O2 Arena,,14948.0,1165848.0,The Vamps,14948.0,3,449
2014-02-02,London,England,The O2 Arena,,14948.0,1165848.0,The Vamps,14948.0,3,450
2014-02-04,London,England,The O2 Arena,,14948.0,1165848.0,The Vamps,14948.0,3,280
2014-02-04,London,England,The O2 Arena,,14948.0,1165848.0,The Vamps,14948.0,3,445
2014-02-04,London,England,The O2 Arena,,14948.0,1165848.0,The Vamps,14948.0,3,446
2014-02-04,London,England,The O2 Arena,,14948.0,1165848.0,The Vamps,14948.0,3,447
2014-02-04,London,England,The O2 Arena,,14948.0,1165848.0,The Vamps,14948.0,3,449
2014-02-04,London,England,The O2 Arena,,14948.0,1165848.0,The Vamps,14948.0,3,450
2014-02-07,Berlin,Germany,O2 World,,10350.0,755006.0,Andreas Bourani,10350.0,3,448
2014-02-10,London,England,The O2 Arena,,14948.0,1165848.0,The Vamps,14948.0,3,280
2014-02-10,London,England,The O2 Arena,,14948.0,1165848.0,The Vamps,14948.0,3,445
2014-02-10,London,England,The O2 Arena,,14948.0,1165848.0,The Vamps,14948.0,3,446
2014-02-10,London,England,The O2 Arena,,14948.0,1165848.0,The Vamps,14948.0,3,447
2014-02-10,London,England,The O2 Arena,,14948.0,1165848.0,The Vamps,14948.0,3,449
2014-02-10,London,England,The O2 Arena,,14948.0,1165848.0,The Vamps,14948.0,3,450
2014-02-11,London,England,The O2 Arena,,14948.0,1165848.0,The Vamps,14948.0,3,280
2014-02-11,London,England,The O2 Arena,,14948.0,1165848.0,The Vamps,14948.0,3,445
2014-02-11,London,England,The O2 Arena,,14948.0,1165848.0,The Vamps,14948.0,3,446
2014-02-11,London,England,The O2 Arena,,14948.0,1165848.0,The Vamps,14948.0,3,447
2014-02-11,London,England,The O2 Arena,,14948.0,1165848.0,The Vamps,14948.0,3,449
2014-02-11,London,England,The O2 Arena,,14948.0,1165848.0,The Vamps,14948.0,3,450
2014-05-30,Shanghai,China,Mercedes-Benz Arena,,12793.0,1864934.0,,12793.0,3,451
2014-05-30,Shanghai,China,Mercedes-Benz Arena,,12793.0,1864934.0,,12793.0,3,533
2014-05-30,Shanghai,China,Mercedes-Benz Arena,,12793.0,1864934.0,,12793.0,3,534
2014-05-30,Shanghai,China,Mercedes-Benz Arena,,12793.0,1864934.0,,12793.0,3,535
2014-06-01,Saitama,Japan,Saitama Super Arena,,20046.0,1837147.0,CTS,20046.0,3,452
2014-06-04,Jakarta,Indonesia,MEIS Ancol,,8130.0,1481473.0,Nicole Zefanya,8130.0,3,453
2014-06-06,Pasay,Philippines,Mall of Asia Arena,,9775.0,1511662.0,Meg Bucsit,9775.0,3,454
2014-06-09,Singapore,Singapore,Singapore Indoor Stadium,,8172.0,1262040.0,Imprompt-3,8172.0,3,262
2014-06-09,Singapore,Singapore,Singapore Indoor Stadium,,8172.0,1262040.0,Imprompt-3,8172.0,3,455
2014-06-09,Singapore,Singapore,Singapore Indoor Stadium,,8172.0,1262040.0,Imprompt-3,8172.0,3,457
2014-06-09,Singapore,Singapore,Singapore Indoor Stadium,,8172.0,1262040.0,Imprompt-3,8172.0,3,531
2014-06-09,Singapore,Singapore,Singapore Indoor Stadium,,8172.0,1262040.0,Imprompt-3,8172.0,3,532
2014-06-11,Kuala Lumpur,Malaysia,Putra Indoor Stadium,,7525.0,998608.0,IamNeeta,7525.0,3,456
2014-06-12,Singapore,Singapore,Singapore Indoor Stadium,,8172.0,1262040.0,Imprompt-3,8172.0,3,262
2014-06-12,Singapore,Singapore,Singapore Indoor Stadium,,8172.0,1262040.0,Imprompt-3,8172.0,3,455
2014-06-12,Singapore,Singapore,Singapore Indoor Stadium,,8172.0,1262040.0,Imprompt-3,8172.0,3,457
2014-06-12,Singapore,Singapore,Singapore Indoor Stadium,,8172.0,1262040.0,Imprompt-3,8172.0,3,531
2014-06-12,Singapore,Singapore,Singapore Indoor Stadium,,8172.0,1262040.0,Imprompt-3,8172.0,3,532
