Date,City,Country,Venue,Opening acts,Attendance,Revenue,Venue_Capacity,Tour_ID,Venue_ID
2011-02-09,Singapore,Singapore,Singapore Indoor Stadium,Sezairi Sezali,8964.0,916850,8964.0,2,262.0
2011-02-09,Singapore,Singapore,Singapore Indoor Stadium,Sezairi Sezali,8964.0,916850,8964.0,2,455.0
2011-02-09,Singapore,Singapore,Singapore Indoor Stadium,Sezairi Sezali,8964.0,916850,8964.0,2,457.0
2011-02-09,Singapore,Singapore,Singapore Indoor Stadium,Sezairi Sezali,8964.0,916850,8964.0,2,531.0
2011-02-09,Singapore,Singapore,Singapore Indoor Stadium,Sezairi Sezali,8964.0,916850,8964.0,2,532.0
2011-02-11,Seoul,South Korea,Olympic Gymnastics Arena,—,4725.0,385374,4725.0,2,263.0
2011-02-13,Osaka,Japan,Osaka-Jo Hall,—,6953.0,758113,6953.0,2,264.0
2011-02-16,Tokyo,Japan,Nippon Budokan,—,7978.0,869114,7978.0,2,265.0
2011-02-16,Tokyo,Japan,Nippon Budokan,—,7978.0,869114,7978.0,2,266.0
2011-02-17,Tokyo,Japan,Nippon Budokan,—,7977.0,869113,7977.0,2,265.0
2011-02-17,Tokyo,Japan,Nippon Budokan,—,7977.0,869113,7977.0,2,266.0
2011-02-19,Quezon City,Philippines,Smart Araneta Coliseum,Sam Concepcion,12667.0,859037,12667.0,2,267.0
2011-02-21,Hong Kong,China,AsiaWorld–Arena,Saito Johnny,12573.0,1030633,12573.0,2,268.0
2011-03-06,Brussels,Belgium,Forest National,Tom Dice,4622.0,219212,4622.0,2,269.0
2011-03-07,Rotterdam,Netherlands,Sportpaleis van Ahoy,Tom Dice,4799.0,248314,4799.0,2,270.0
2011-03-09,Oslo,Norway,Oslo Spektrum,—,8650.0,815246,8650.0,2,271.0
2011-03-12,Oberhausen,Germany,König Pilsener Arena,Martin & James,6082.0,370028,6082.0,2,272.0
2011-03-15,Milan,Italy,Mediolanum Forum,Emma Marrone,3421.0,153303,5585.0,2,273.0
2011-03-17,Paris,France,Zénith de Paris,—,3598.0,201781,8500.0,2,274.0
2011-03-19,Madrid,Spain,Palacio de los Deportes,The Bright,3962.0,251864,3962.0,2,275.0
2011-03-22,Birmingham,England,LG Arena,Martin & James,9339.0,508854,9339.0,2,276.0
2011-03-25,Belfast,Northern Ireland,Odyssey Arena,Ryan Sheridan,8058.0,379001,8058.0,2,277.0
2011-03-27,Dublin,Ireland,The O2,Ryan Sheridan,8681.0,419806,8681.0,2,278.0
2011-03-29,Manchester,England,Manchester Evening News Arena,Martin & James,10488.0,580558,11622.0,2,211.0
2011-03-29,Manchester,England,Manchester Evening News Arena,Martin & James,10488.0,580558,11622.0,2,279.0
2011-03-30,London,England,The O2 Arena,Martin & James,15265.0,891152,15681.0,2,280.0
2011-03-30,London,England,The O2 Arena,Martin & James,15265.0,891152,15681.0,2,445.0
2011-03-30,London,England,The O2 Arena,Martin & James,15265.0,891152,15681.0,2,446.0
2011-03-30,London,England,The O2 Arena,Martin & James,15265.0,891152,15681.0,2,447.0
2011-03-30,London,England,The O2 Arena,Martin & James,15265.0,891152,15681.0,2,449.0
2011-03-30,London,England,The O2 Arena,Martin & James,15265.0,891152,15681.0,2,450.0
2011-05-27,Omaha,United States,Qwest Center Omaha,Needtobreathe,13496.0,858552,13496.0,2,186.0
2011-05-27,Omaha,United States,Qwest Center Omaha,Needtobreathe,13496.0,858552,13496.0,2,281.0
2011-05-27,Omaha,United States,Qwest Center Omaha,Needtobreathe,13496.0,858552,13496.0,2,282.0
2011-05-28,Omaha,United States,Qwest Center Omaha,Needtobreathe,13496.0,858552,13496.0,2,186.0
2011-05-28,Omaha,United States,Qwest Center Omaha,Needtobreathe,13496.0,858552,13496.0,2,281.0
2011-05-28,Omaha,United States,Qwest Center Omaha,Needtobreathe,13496.0,858552,13496.0,2,282.0
2011-05-29,Des Moines,United States,Wells Fargo Arena,Needtobreathe,13149.0,862771,13149.0,2,244.0
2011-05-29,Des Moines,United States,Wells Fargo Arena,Needtobreathe,13149.0,862771,13149.0,2,283.0
2011-05-29,Des Moines,United States,Wells Fargo Arena,Needtobreathe,13149.0,862771,13149.0,2,415.0
2011-05-29,Des Moines,United States,Wells Fargo Arena,Needtobreathe,13149.0,862771,13149.0,2,521.0
2011-06-02,Sunrise,United States,BankAtlantic Center,Needtobreathe,12039.0,791476,12039.0,2,222.0
2011-06-02,Sunrise,United States,BankAtlantic Center,Needtobreathe,12039.0,791476,12039.0,2,284.0
2011-06-02,Sunrise,United States,BankAtlantic Center,Needtobreathe,12039.0,791476,12039.0,2,285.0
2011-06-03,Sunrise,United States,BankAtlantic Center,Needtobreathe,12038.0,791475,12038.0,2,222.0
2011-06-03,Sunrise,United States,BankAtlantic Center,Needtobreathe,12038.0,791475,12038.0,2,284.0
2011-06-03,Sunrise,United States,BankAtlantic Center,Needtobreathe,12038.0,791475,12038.0,2,285.0
2011-06-04,Orlando,United States,Amway Center,Needtobreathe,12262.0,791980,12262.0,2,286.0
2011-06-04,Orlando,United States,Amway Center,Needtobreathe,12262.0,791980,12262.0,2,382.0
2011-06-04,Orlando,United States,Amway Center,Needtobreathe,12262.0,791980,12262.0,2,383.0
2011-06-07,Columbus,United States,Nationwide Arena,Needtobreathe,14817.0,955259,14817.0,2,287.0
2011-06-07,Columbus,United States,Nationwide Arena,Needtobreathe,14817.0,955259,14817.0,2,392.0
2011-06-07,Columbus,United States,Nationwide Arena,Needtobreathe,14817.0,955259,14817.0,2,511.0
2011-06-07,Columbus,United States,Nationwide Arena,Needtobreathe,14817.0,955259,14817.0,2,512.0
2011-06-08,Milwaukee,United States,Bradley Center,Needtobreathe,13748.0,897042,13748.0,2,288.0
2011-06-11,Detroit,United States,Ford Field,Needtobreathe,47992.0,3453549,47992.0,2,32.0
2011-06-11,Detroit,United States,Ford Field,Needtobreathe,47992.0,3453549,47992.0,2,33.0
2011-06-11,Detroit,United States,Ford Field,Needtobreathe,47992.0,3453549,47992.0,2,289.0
2011-06-11,Detroit,United States,Ford Field,Needtobreathe,47992.0,3453549,47992.0,2,390.0
2011-06-11,Detroit,United States,Ford Field,Needtobreathe,47992.0,3453549,47992.0,2,463.0
2011-06-11,Detroit,United States,Ford Field,Needtobreathe,47992.0,3453549,47992.0,2,579.0
2011-06-14,Saint Paul,United States,Xcel Energy Center,Needtobreathe,14489.0,956869,14489.0,2,245.0
2011-06-14,Saint Paul,United States,Xcel Energy Center,Needtobreathe,14489.0,956869,14489.0,2,290.0
2011-06-14,Saint Paul,United States,Xcel Energy Center,Needtobreathe,14489.0,956869,14489.0,2,291.0
2011-06-14,Saint Paul,United States,Xcel Energy Center,Needtobreathe,14489.0,956869,14489.0,2,430.0
2011-06-14,Saint Paul,United States,Xcel Energy Center,Needtobreathe,14489.0,956869,14489.0,2,431.0
2011-06-14,Saint Paul,United States,Xcel Energy Center,Needtobreathe,14489.0,956869,14489.0,2,507.0
2011-06-14,Saint Paul,United States,Xcel Energy Center,Needtobreathe,14489.0,956869,14489.0,2,508.0
2011-06-14,Saint Paul,United States,Xcel Energy Center,Needtobreathe,14489.0,956869,14489.0,2,509.0
2011-06-15,Saint Paul,United States,Xcel Energy Center,Needtobreathe,14488.0,956868,14488.0,2,245.0
2011-06-15,Saint Paul,United States,Xcel Energy Center,Needtobreathe,14488.0,956868,14488.0,2,290.0
2011-06-15,Saint Paul,United States,Xcel Energy Center,Needtobreathe,14488.0,956868,14488.0,2,291.0
2011-06-15,Saint Paul,United States,Xcel Energy Center,Needtobreathe,14488.0,956868,14488.0,2,430.0
2011-06-15,Saint Paul,United States,Xcel Energy Center,Needtobreathe,14488.0,956868,14488.0,2,431.0
2011-06-15,Saint Paul,United States,Xcel Energy Center,Needtobreathe,14488.0,956868,14488.0,2,507.0
2011-06-15,Saint Paul,United States,Xcel Energy Center,Needtobreathe,14488.0,956868,14488.0,2,508.0
2011-06-15,Saint Paul,United States,Xcel Energy Center,Needtobreathe,14488.0,956868,14488.0,2,509.0
2011-06-18,Pittsburgh,United States,Heinz Field,Needtobreathe,52009.0,4009118,52009.0,2,292.0
2011-06-18,Pittsburgh,United States,Heinz Field,Needtobreathe,52009.0,4009118,52009.0,2,409.0
2011-06-18,Pittsburgh,United States,Heinz Field,Needtobreathe,52009.0,4009118,52009.0,2,466.0
2011-06-18,Pittsburgh,United States,Heinz Field,Needtobreathe,52009.0,4009118,52009.0,2,573.0
2011-06-21,Buffalo,United States,First Niagara Center,Needtobreathe,14487.0,966749,14487.0,2,293.0
2011-06-22,Hartford,United States,XL Center,Needtobreathe,12436.0,810165,12436.0,2,294.0
2011-06-25,Foxborough,United States,Gillette Stadium,Needtobreathe,55400.0,4013175,55400.0,2,23.0
2011-06-25,Foxborough,United States,Gillette Stadium,Needtobreathe,55400.0,4013175,55400.0,2,24.0
2011-06-25,Foxborough,United States,Gillette Stadium,Needtobreathe,55400.0,4013175,55400.0,2,25.0
2011-06-25,Foxborough,United States,Gillette Stadium,Needtobreathe,55400.0,4013175,55400.0,2,259.0
2011-06-25,Foxborough,United States,Gillette Stadium,Needtobreathe,55400.0,4013175,55400.0,2,295.0
2011-06-25,Foxborough,United States,Gillette Stadium,Needtobreathe,55400.0,4013175,55400.0,2,296.0
2011-06-25,Foxborough,United States,Gillette Stadium,Needtobreathe,55400.0,4013175,55400.0,2,413.0
2011-06-25,Foxborough,United States,Gillette Stadium,Needtobreathe,55400.0,4013175,55400.0,2,414.0
2011-06-25,Foxborough,United States,Gillette Stadium,Needtobreathe,55400.0,4013175,55400.0,2,487.0
2011-06-25,Foxborough,United States,Gillette Stadium,Needtobreathe,55400.0,4013175,55400.0,2,488.0
2011-06-25,Foxborough,United States,Gillette Stadium,Needtobreathe,55400.0,4013175,55400.0,2,568.0
2011-06-25,Foxborough,United States,Gillette Stadium,Needtobreathe,55400.0,4013175,55400.0,2,569.0
2011-06-25,Foxborough,United States,Gillette Stadium,Needtobreathe,55400.0,4013175,55400.0,2,570.0
2011-06-26,Foxborough,United States,Gillette Stadium,Needtobreathe,55400.0,4013175,55400.0,2,23.0
2011-06-26,Foxborough,United States,Gillette Stadium,Needtobreathe,55400.0,4013175,55400.0,2,24.0
2011-06-26,Foxborough,United States,Gillette Stadium,Needtobreathe,55400.0,4013175,55400.0,2,25.0
2011-06-26,Foxborough,United States,Gillette Stadium,Needtobreathe,55400.0,4013175,55400.0,2,259.0
2011-06-26,Foxborough,United States,Gillette Stadium,Needtobreathe,55400.0,4013175,55400.0,2,295.0
2011-06-26,Foxborough,United States,Gillette Stadium,Needtobreathe,55400.0,4013175,55400.0,2,296.0
2011-06-26,Foxborough,United States,Gillette Stadium,Needtobreathe,55400.0,4013175,55400.0,2,413.0
2011-06-26,Foxborough,United States,Gillette Stadium,Needtobreathe,55400.0,4013175,55400.0,2,414.0
2011-06-26,Foxborough,United States,Gillette Stadium,Needtobreathe,55400.0,4013175,55400.0,2,487.0
2011-06-26,Foxborough,United States,Gillette Stadium,Needtobreathe,55400.0,4013175,55400.0,2,488.0
2011-06-26,Foxborough,United States,Gillette Stadium,Needtobreathe,55400.0,4013175,55400.0,2,568.0
2011-06-26,Foxborough,United States,Gillette Stadium,Needtobreathe,55400.0,4013175,55400.0,2,569.0
2011-06-26,Foxborough,United States,Gillette Stadium,Needtobreathe,55400.0,4013175,55400.0,2,570.0
2011-06-30,Greensboro,United States,Greensboro Coliseum,Needtobreathe,14789.0,990701,14789.0,2,171.0
2011-06-30,Greensboro,United States,Greensboro Coliseum,Needtobreathe,14789.0,990701,14789.0,2,297.0
2011-06-30,Greensboro,United States,Greensboro Coliseum,Needtobreathe,14789.0,990701,14789.0,2,432.0
2011-06-30,Greensboro,United States,Greensboro Coliseum,Needtobreathe,14789.0,990701,14789.0,2,527.0
2011-07-01,Knoxville,United States,Thompson–Boling Arena,Needtobreathe,13754.0,903875,13754.0,2,298.0
2011-07-14,Montreal,Canada,Bell Centre,Needtobreathe,13439.0,1254230,13439.0,2,299.0
2011-07-14,Montreal,Canada,Bell Centre,Needtobreathe,13439.0,1254230,13439.0,2,480.0
2011-07-15,Toronto,Canada,Air Canada Centre,Needtobreathe,15072.0,1518000,15072.0,2,252.0
2011-07-15,Toronto,Canada,Air Canada Centre,Needtobreathe,15072.0,1518000,15072.0,2,253.0
2011-07-15,Toronto,Canada,Air Canada Centre,Needtobreathe,15072.0,1518000,15072.0,2,300.0
2011-07-15,Toronto,Canada,Air Canada Centre,Needtobreathe,15072.0,1518000,15072.0,2,301.0
2011-07-16,Toronto,Canada,Air Canada Centre,Needtobreathe,15072.0,1518000,15072.0,2,252.0
2011-07-16,Toronto,Canada,Air Canada Centre,Needtobreathe,15072.0,1518000,15072.0,2,253.0
2011-07-16,Toronto,Canada,Air Canada Centre,Needtobreathe,15072.0,1518000,15072.0,2,300.0
2011-07-16,Toronto,Canada,Air Canada Centre,Needtobreathe,15072.0,1518000,15072.0,2,301.0
2011-07-19,Newark,United States,Prudential Center,Needtobreathe,12872.0,968866,12872.0,2,247.0
2011-07-19,Newark,United States,Prudential Center,Needtobreathe,12872.0,968866,12872.0,2,248.0
2011-07-19,Newark,United States,Prudential Center,Needtobreathe,12872.0,968866,12872.0,2,302.0
2011-07-19,Newark,United States,Prudential Center,Needtobreathe,12872.0,968866,12872.0,2,303.0
2011-07-19,Newark,United States,Prudential Center,Needtobreathe,12872.0,968866,12872.0,2,304.0
2011-07-19,Newark,United States,Prudential Center,Needtobreathe,12872.0,968866,12872.0,2,305.0
2011-07-19,Newark,United States,Prudential Center,Needtobreathe,12872.0,968866,12872.0,2,378.0
2011-07-19,Newark,United States,Prudential Center,Needtobreathe,12872.0,968866,12872.0,2,379.0
2011-07-19,Newark,United States,Prudential Center,Needtobreathe,12872.0,968866,12872.0,2,380.0
2011-07-20,Newark,United States,Prudential Center,Needtobreathe,12872.0,968866,12872.0,2,247.0
2011-07-20,Newark,United States,Prudential Center,Needtobreathe,12872.0,968866,12872.0,2,248.0
2011-07-20,Newark,United States,Prudential Center,Needtobreathe,12872.0,968866,12872.0,2,302.0
2011-07-20,Newark,United States,Prudential Center,Needtobreathe,12872.0,968866,12872.0,2,303.0
2011-07-20,Newark,United States,Prudential Center,Needtobreathe,12872.0,968866,12872.0,2,304.0
2011-07-20,Newark,United States,Prudential Center,Needtobreathe,12872.0,968866,12872.0,2,305.0
2011-07-20,Newark,United States,Prudential Center,Needtobreathe,12872.0,968866,12872.0,2,378.0
2011-07-20,Newark,United States,Prudential Center,Needtobreathe,12872.0,968866,12872.0,2,379.0
2011-07-20,Newark,United States,Prudential Center,Needtobreathe,12872.0,968866,12872.0,2,380.0
2011-07-23,Newark,United States,Prudential Center,Needtobreathe,12872.0,968866,12872.0,2,247.0
2011-07-23,Newark,United States,Prudential Center,Needtobreathe,12872.0,968866,12872.0,2,248.0
2011-07-23,Newark,United States,Prudential Center,Needtobreathe,12872.0,968866,12872.0,2,302.0
2011-07-23,Newark,United States,Prudential Center,Needtobreathe,12872.0,968866,12872.0,2,303.0
2011-07-23,Newark,United States,Prudential Center,Needtobreathe,12872.0,968866,12872.0,2,304.0
2011-07-23,Newark,United States,Prudential Center,Needtobreathe,12872.0,968866,12872.0,2,305.0
2011-07-23,Newark,United States,Prudential Center,Needtobreathe,12872.0,968866,12872.0,2,378.0
2011-07-23,Newark,United States,Prudential Center,Needtobreathe,12872.0,968866,12872.0,2,379.0
2011-07-23,Newark,United States,Prudential Center,Needtobreathe,12872.0,968866,12872.0,2,380.0
2011-07-24,Newark,United States,Prudential Center,Needtobreathe,12871.0,968865,12871.0,2,247.0
2011-07-24,Newark,United States,Prudential Center,Needtobreathe,12871.0,968865,12871.0,2,248.0
2011-07-24,Newark,United States,Prudential Center,Needtobreathe,12871.0,968865,12871.0,2,302.0
2011-07-24,Newark,United States,Prudential Center,Needtobreathe,12871.0,968865,12871.0,2,303.0
2011-07-24,Newark,United States,Prudential Center,Needtobreathe,12871.0,968865,12871.0,2,304.0
2011-07-24,Newark,United States,Prudential Center,Needtobreathe,12871.0,968865,12871.0,2,305.0
2011-07-24,Newark,United States,Prudential Center,Needtobreathe,12871.0,968865,12871.0,2,378.0
2011-07-24,Newark,United States,Prudential Center,Needtobreathe,12871.0,968865,12871.0,2,379.0
2011-07-24,Newark,United States,Prudential Center,Needtobreathe,12871.0,968865,12871.0,2,380.0
2011-07-28,Grand Rapids,United States,Van Andel Arena,Needtobreathe,11012.0,724854,11012.0,2,204.0
2011-07-28,Grand Rapids,United States,Van Andel Arena,Needtobreathe,11012.0,724854,11012.0,2,306.0
2011-07-29,Indianapolis,United States,Conseco Fieldhouse,Needtobreathe,13329.0,877175,13329.0,2,206.0
2011-07-29,Indianapolis,United States,Conseco Fieldhouse,Needtobreathe,13329.0,877175,13329.0,2,307.0
2011-07-30,Cleveland,United States,Quicken Loans Arena,Needtobreathe,14873.0,976954,14873.0,2,205.0
2011-07-30,Cleveland,United States,Quicken Loans Arena,Needtobreathe,14873.0,976954,14873.0,2,308.0
2011-07-30,Cleveland,United States,Quicken Loans Arena,Needtobreathe,14873.0,976954,14873.0,2,387.0
2011-07-30,Cleveland,United States,Quicken Loans Arena,Needtobreathe,14873.0,976954,14873.0,2,465.0
2011-08-02,Washington,United States,Verizon Center,Needtobreathe,14652.0,1034395,14652.0,2,
2011-08-03,Washington,United States,Verizon Center,Needtobreathe,14651.0,1034394,14651.0,2,
2011-08-06,Philadelphia,United States,Lincoln Financial Field,Needtobreathe,51395.0,4268678,51395.0,2,20.0
2011-08-06,Philadelphia,United States,Lincoln Financial Field,Needtobreathe,51395.0,4268678,51395.0,2,21.0
2011-08-06,Philadelphia,United States,Lincoln Financial Field,Needtobreathe,51395.0,4268678,51395.0,2,22.0
2011-08-06,Philadelphia,United States,Lincoln Financial Field,Needtobreathe,51395.0,4268678,51395.0,2,311.0
2011-08-06,Philadelphia,United States,Lincoln Financial Field,Needtobreathe,51395.0,4268678,51395.0,2,411.0
2011-08-06,Philadelphia,United States,Lincoln Financial Field,Needtobreathe,51395.0,4268678,51395.0,2,412.0
2011-08-06,Philadelphia,United States,Lincoln Financial Field,Needtobreathe,51395.0,4268678,51395.0,2,469.0
2011-08-06,Philadelphia,United States,Lincoln Financial Field,Needtobreathe,51395.0,4268678,51395.0,2,470.0
2011-08-06,Philadelphia,United States,Lincoln Financial Field,Needtobreathe,51395.0,4268678,51395.0,2,562.0
2011-08-06,Philadelphia,United States,Lincoln Financial Field,Needtobreathe,51395.0,4268678,51395.0,2,563.0
2011-08-09,Rosemont,United States,Allstate Arena,Needtobreathe,13056.0,954802,13056.0,2,207.0
2011-08-09,Rosemont,United States,Allstate Arena,Needtobreathe,13056.0,954802,13056.0,2,208.0
2011-08-09,Rosemont,United States,Allstate Arena,Needtobreathe,13056.0,954802,13056.0,2,312.0
2011-08-09,Rosemont,United States,Allstate Arena,Needtobreathe,13056.0,954802,13056.0,2,313.0
2011-08-10,Rosemont,United States,Allstate Arena,Needtobreathe,13056.0,954801,13056.0,2,207.0
2011-08-10,Rosemont,United States,Allstate Arena,Needtobreathe,13056.0,954801,13056.0,2,208.0
2011-08-10,Rosemont,United States,Allstate Arena,Needtobreathe,13056.0,954801,13056.0,2,312.0
2011-08-10,Rosemont,United States,Allstate Arena,Needtobreathe,13056.0,954801,13056.0,2,313.0
2011-08-13,St. Louis,United States,Scottrade Center,Needtobreathe,13983.0,925080,13983.0,2,153.0
2011-08-13,St. Louis,United States,Scottrade Center,Needtobreathe,13983.0,925080,13983.0,2,314.0
2011-08-13,St. Louis,United States,Scottrade Center,Needtobreathe,13983.0,925080,13983.0,2,315.0
2011-08-13,St. Louis,United States,Scottrade Center,Needtobreathe,13983.0,925080,13983.0,2,374.0
2011-08-13,St. Louis,United States,Scottrade Center,Needtobreathe,13983.0,925080,13983.0,2,375.0
2011-08-13,St. Louis,United States,Scottrade Center,Needtobreathe,13983.0,925080,13983.0,2,517.0
2011-08-13,St. Louis,United States,Scottrade Center,Needtobreathe,13983.0,925080,13983.0,2,518.0
2011-08-14,St. Louis,United States,Scottrade Center,Needtobreathe,13982.0,925079,13982.0,2,153.0
2011-08-14,St. Louis,United States,Scottrade Center,Needtobreathe,13982.0,925079,13982.0,2,314.0
2011-08-14,St. Louis,United States,Scottrade Center,Needtobreathe,13982.0,925079,13982.0,2,315.0
2011-08-14,St. Louis,United States,Scottrade Center,Needtobreathe,13982.0,925079,13982.0,2,374.0
2011-08-14,St. Louis,United States,Scottrade Center,Needtobreathe,13982.0,925079,13982.0,2,375.0
2011-08-14,St. Louis,United States,Scottrade Center,Needtobreathe,13982.0,925079,13982.0,2,517.0
2011-08-14,St. Louis,United States,Scottrade Center,Needtobreathe,13982.0,925079,13982.0,2,518.0
2011-08-18,Edmonton,Canada,Rexall Place,Needtobreathe,12668.0,1068135,12668.0,2,175.0
2011-08-18,Edmonton,Canada,Rexall Place,Needtobreathe,12668.0,1068135,12668.0,2,316.0
2011-08-18,Edmonton,Canada,Rexall Place,Needtobreathe,12668.0,1068135,12668.0,2,317.0
2011-08-18,Edmonton,Canada,Rexall Place,Needtobreathe,12668.0,1068135,12668.0,2,406.0
2011-08-18,Edmonton,Canada,Rexall Place,Needtobreathe,12668.0,1068135,12668.0,2,407.0
2011-08-18,Edmonton,Canada,Rexall Place,Needtobreathe,12668.0,1068135,12668.0,2,490.0
2011-08-18,Edmonton,Canada,Rexall Place,Needtobreathe,12668.0,1068135,12668.0,2,491.0
2011-08-19,Edmonton,Canada,Rexall Place,Needtobreathe,12668.0,1068135,12668.0,2,175.0
2011-08-19,Edmonton,Canada,Rexall Place,Needtobreathe,12668.0,1068135,12668.0,2,316.0
2011-08-19,Edmonton,Canada,Rexall Place,Needtobreathe,12668.0,1068135,12668.0,2,317.0
2011-08-19,Edmonton,Canada,Rexall Place,Needtobreathe,12668.0,1068135,12668.0,2,406.0
2011-08-19,Edmonton,Canada,Rexall Place,Needtobreathe,12668.0,1068135,12668.0,2,407.0
2011-08-19,Edmonton,Canada,Rexall Place,Needtobreathe,12668.0,1068135,12668.0,2,490.0
2011-08-19,Edmonton,Canada,Rexall Place,Needtobreathe,12668.0,1068135,12668.0,2,491.0
2011-08-23,Los Angeles,United States,Staples Center,Needtobreathe,13725.0,981789,13725.0,2,165.0
2011-08-23,Los Angeles,United States,Staples Center,Needtobreathe,13725.0,981789,13725.0,2,239.0
2011-08-23,Los Angeles,United States,Staples Center,Needtobreathe,13725.0,981789,13725.0,2,240.0
2011-08-23,Los Angeles,United States,Staples Center,Needtobreathe,13725.0,981789,13725.0,2,318.0
2011-08-23,Los Angeles,United States,Staples Center,Needtobreathe,13725.0,981789,13725.0,2,319.0
2011-08-23,Los Angeles,United States,Staples Center,Needtobreathe,13725.0,981789,13725.0,2,320.0
2011-08-23,Los Angeles,United States,Staples Center,Needtobreathe,13725.0,981789,13725.0,2,321.0
2011-08-23,Los Angeles,United States,Staples Center,Needtobreathe,13725.0,981789,13725.0,2,422.0
2011-08-23,Los Angeles,United States,Staples Center,Needtobreathe,13725.0,981789,13725.0,2,423.0
2011-08-23,Los Angeles,United States,Staples Center,Needtobreathe,13725.0,981789,13725.0,2,424.0
2011-08-23,Los Angeles,United States,Staples Center,Needtobreathe,13725.0,981789,13725.0,2,425.0
2011-08-23,Los Angeles,United States,Staples Center,Needtobreathe,13725.0,981789,13725.0,2,497.0
2011-08-23,Los Angeles,United States,Staples Center,Needtobreathe,13725.0,981789,13725.0,2,498.0
2011-08-23,Los Angeles,United States,Staples Center,Needtobreathe,13725.0,981789,13725.0,2,499.0
2011-08-23,Los Angeles,United States,Staples Center,Needtobreathe,13725.0,981789,13725.0,2,500.0
2011-08-23,Los Angeles,United States,Staples Center,Needtobreathe,13725.0,981789,13725.0,2,501.0
2011-08-24,Los Angeles,United States,Staples Center,Needtobreathe,13725.0,981789,13725.0,2,165.0
2011-08-24,Los Angeles,United States,Staples Center,Needtobreathe,13725.0,981789,13725.0,2,239.0
2011-08-24,Los Angeles,United States,Staples Center,Needtobreathe,13725.0,981789,13725.0,2,240.0
2011-08-24,Los Angeles,United States,Staples Center,Needtobreathe,13725.0,981789,13725.0,2,318.0
2011-08-24,Los Angeles,United States,Staples Center,Needtobreathe,13725.0,981789,13725.0,2,319.0
2011-08-24,Los Angeles,United States,Staples Center,Needtobreathe,13725.0,981789,13725.0,2,320.0
2011-08-24,Los Angeles,United States,Staples Center,Needtobreathe,13725.0,981789,13725.0,2,321.0
2011-08-24,Los Angeles,United States,Staples Center,Needtobreathe,13725.0,981789,13725.0,2,422.0
2011-08-24,Los Angeles,United States,Staples Center,Needtobreathe,13725.0,981789,13725.0,2,423.0
2011-08-24,Los Angeles,United States,Staples Center,Needtobreathe,13725.0,981789,13725.0,2,424.0
2011-08-24,Los Angeles,United States,Staples Center,Needtobreathe,13725.0,981789,13725.0,2,425.0
2011-08-24,Los Angeles,United States,Staples Center,Needtobreathe,13725.0,981789,13725.0,2,497.0
2011-08-24,Los Angeles,United States,Staples Center,Needtobreathe,13725.0,981789,13725.0,2,498.0
2011-08-24,Los Angeles,United States,Staples Center,Needtobreathe,13725.0,981789,13725.0,2,499.0
2011-08-24,Los Angeles,United States,Staples Center,Needtobreathe,13725.0,981789,13725.0,2,500.0
2011-08-24,Los Angeles,United States,Staples Center,Needtobreathe,13725.0,981789,13725.0,2,501.0
2011-08-27,Los Angeles,United States,Staples Center,Needtobreathe,13725.0,981788,13725.0,2,165.0
2011-08-27,Los Angeles,United States,Staples Center,Needtobreathe,13725.0,981788,13725.0,2,239.0
2011-08-27,Los Angeles,United States,Staples Center,Needtobreathe,13725.0,981788,13725.0,2,240.0
2011-08-27,Los Angeles,United States,Staples Center,Needtobreathe,13725.0,981788,13725.0,2,318.0
2011-08-27,Los Angeles,United States,Staples Center,Needtobreathe,13725.0,981788,13725.0,2,319.0
2011-08-27,Los Angeles,United States,Staples Center,Needtobreathe,13725.0,981788,13725.0,2,320.0
2011-08-27,Los Angeles,United States,Staples Center,Needtobreathe,13725.0,981788,13725.0,2,321.0
2011-08-27,Los Angeles,United States,Staples Center,Needtobreathe,13725.0,981788,13725.0,2,422.0
2011-08-27,Los Angeles,United States,Staples Center,Needtobreathe,13725.0,981788,13725.0,2,423.0
2011-08-27,Los Angeles,United States,Staples Center,Needtobreathe,13725.0,981788,13725.0,2,424.0
2011-08-27,Los Angeles,United States,Staples Center,Needtobreathe,13725.0,981788,13725.0,2,425.0
2011-08-27,Los Angeles,United States,Staples Center,Needtobreathe,13725.0,981788,13725.0,2,497.0
2011-08-27,Los Angeles,United States,Staples Center,Needtobreathe,13725.0,981788,13725.0,2,498.0
2011-08-27,Los Angeles,United States,Staples Center,Needtobreathe,13725.0,981788,13725.0,2,499.0
2011-08-27,Los Angeles,United States,Staples Center,Needtobreathe,13725.0,981788,13725.0,2,500.0
2011-08-27,Los Angeles,United States,Staples Center,Needtobreathe,13725.0,981788,13725.0,2,501.0
2011-08-28,Los Angeles,United States,Staples Center,Needtobreathe,13725.0,981788,13725.0,2,165.0
2011-08-28,Los Angeles,United States,Staples Center,Needtobreathe,13725.0,981788,13725.0,2,239.0
2011-08-28,Los Angeles,United States,Staples Center,Needtobreathe,13725.0,981788,13725.0,2,240.0
2011-08-28,Los Angeles,United States,Staples Center,Needtobreathe,13725.0,981788,13725.0,2,318.0
2011-08-28,Los Angeles,United States,Staples Center,Needtobreathe,13725.0,981788,13725.0,2,319.0
2011-08-28,Los Angeles,United States,Staples Center,Needtobreathe,13725.0,981788,13725.0,2,320.0
2011-08-28,Los Angeles,United States,Staples Center,Needtobreathe,13725.0,981788,13725.0,2,321.0
2011-08-28,Los Angeles,United States,Staples Center,Needtobreathe,13725.0,981788,13725.0,2,422.0
2011-08-28,Los Angeles,United States,Staples Center,Needtobreathe,13725.0,981788,13725.0,2,423.0
2011-08-28,Los Angeles,United States,Staples Center,Needtobreathe,13725.0,981788,13725.0,2,424.0
2011-08-28,Los Angeles,United States,Staples Center,Needtobreathe,13725.0,981788,13725.0,2,425.0
2011-08-28,Los Angeles,United States,Staples Center,Needtobreathe,13725.0,981788,13725.0,2,497.0
2011-08-28,Los Angeles,United States,Staples Center,Needtobreathe,13725.0,981788,13725.0,2,498.0
2011-08-28,Los Angeles,United States,Staples Center,Needtobreathe,13725.0,981788,13725.0,2,499.0
2011-08-28,Los Angeles,United States,Staples Center,Needtobreathe,13725.0,981788,13725.0,2,500.0
2011-08-28,Los Angeles,United States,Staples Center,Needtobreathe,13725.0,981788,13725.0,2,501.0
2011-09-01,San Jose,United States,HP Pavilion,Needtobreathe,12414.0,912724,12414.0,2,238.0
2011-09-01,San Jose,United States,HP Pavilion,Needtobreathe,12414.0,912724,12414.0,2,322.0
2011-09-01,San Jose,United States,HP Pavilion,Needtobreathe,12414.0,912724,12414.0,2,323.0
2011-09-02,San Jose,United States,HP Pavilion,Needtobreathe,12413.0,912724,12413.0,2,238.0
2011-09-02,San Jose,United States,HP Pavilion,Needtobreathe,12413.0,912724,12413.0,2,322.0
2011-09-02,San Jose,United States,HP Pavilion,Needtobreathe,12413.0,912724,12413.0,2,323.0
2011-09-03,Sacramento,United States,Power Balance Pavilion,Needtobreathe,12432.0,934326,12432.0,2,324.0
2011-09-06,Portland,United States,Rose Garden Arena,Needtobreathe,13610.0,903445,13610.0,2,162.0
2011-09-06,Portland,United States,Rose Garden Arena,Needtobreathe,13610.0,903445,13610.0,2,325.0
2011-09-07,Tacoma,United States,Tacoma Dome,Needtobreathe,19904.0,1289430,19904.0,2,326.0
2011-09-07,Tacoma,United States,Tacoma Dome,Needtobreathe,19904.0,1289430,19904.0,2,428.0
2011-09-10,Vancouver,Canada,Rogers Arena,Needtobreathe,13015.0,1095340,13015.0,2,327.0
2011-09-10,Vancouver,Canada,Rogers Arena,Needtobreathe,13015.0,1095340,13015.0,2,328.0
2011-09-11,Vancouver,Canada,Rogers Arena,Needtobreathe,13015.0,1095340,13015.0,2,327.0
2011-09-11,Vancouver,Canada,Rogers Arena,Needtobreathe,13015.0,1095340,13015.0,2,328.0
2011-09-16,Nashville,United States,Bridgestone Arena,Needtobreathe,14089.0,920567,14089.0,2,199.0
2011-09-16,Nashville,United States,Bridgestone Arena,Needtobreathe,14089.0,920567,14089.0,2,329.0
2011-09-16,Nashville,United States,Bridgestone Arena,Needtobreathe,14089.0,920567,14089.0,2,330.0
2011-09-16,Nashville,United States,Bridgestone Arena,Needtobreathe,14089.0,920567,14089.0,2,435.0
2011-09-16,Nashville,United States,Bridgestone Arena,Needtobreathe,14089.0,920567,14089.0,2,436.0
2011-09-16,Nashville,United States,Bridgestone Arena,Needtobreathe,14089.0,920567,14089.0,2,437.0
2011-09-16,Nashville,United States,Bridgestone Arena,Needtobreathe,14089.0,920567,14089.0,2,515.0
2011-09-16,Nashville,United States,Bridgestone Arena,Needtobreathe,14089.0,920567,14089.0,2,516.0
2011-09-17,Nashville,United States,Bridgestone Arena,Needtobreathe,14089.0,920567,14089.0,2,199.0
2011-09-17,Nashville,United States,Bridgestone Arena,Needtobreathe,14089.0,920567,14089.0,2,329.0
2011-09-17,Nashville,United States,Bridgestone Arena,Needtobreathe,14089.0,920567,14089.0,2,330.0
2011-09-17,Nashville,United States,Bridgestone Arena,Needtobreathe,14089.0,920567,14089.0,2,435.0
2011-09-17,Nashville,United States,Bridgestone Arena,Needtobreathe,14089.0,920567,14089.0,2,436.0
2011-09-17,Nashville,United States,Bridgestone Arena,Needtobreathe,14089.0,920567,14089.0,2,437.0
2011-09-17,Nashville,United States,Bridgestone Arena,Needtobreathe,14089.0,920567,14089.0,2,515.0
2011-09-17,Nashville,United States,Bridgestone Arena,Needtobreathe,14089.0,920567,14089.0,2,516.0
2011-09-20,Bossier City,United States,CenturyLink Center,Needtobreathe,11510.0,728546,11510.0,2,331.0
2011-09-20,Bossier City,United States,CenturyLink Center,Needtobreathe,11510.0,728546,11510.0,2,461.0
2011-09-21,Tulsa,United States,BOK Center,Needtobreathe,12546.0,907573,12546.0,2,202.0
2011-09-21,Tulsa,United States,BOK Center,Needtobreathe,12546.0,907573,12546.0,2,332.0
2011-09-21,Tulsa,United States,BOK Center,Needtobreathe,12546.0,907573,12546.0,2,419.0
2011-09-24,Kansas City,United States,Arrowhead Stadium,Needtobreathe,48562.0,3148046,48562.0,2,333.0
2011-09-24,Kansas City,United States,Arrowhead Stadium,Needtobreathe,48562.0,3148046,48562.0,2,582.0
2011-09-27,Denver,United States,Pepsi Center,Needtobreathe,12908.0,834916,12908.0,2,235.0
2011-09-27,Denver,United States,Pepsi Center,Needtobreathe,12908.0,834916,12908.0,2,236.0
2011-09-27,Denver,United States,Pepsi Center,Needtobreathe,12908.0,834916,12908.0,2,334.0
2011-09-27,Denver,United States,Pepsi Center,Needtobreathe,12908.0,834916,12908.0,2,402.0
2011-09-27,Denver,United States,Pepsi Center,Needtobreathe,12908.0,834916,12908.0,2,504.0
2011-09-27,Denver,United States,Pepsi Center,Needtobreathe,12908.0,834916,12908.0,2,505.0
2011-09-28,Salt Lake City,United States,EnergySolutions Arena,Needtobreathe,13720.0,896946,13720.0,2,168.0
2011-09-28,Salt Lake City,United States,EnergySolutions Arena,Needtobreathe,13720.0,896946,13720.0,2,335.0
2011-09-28,Salt Lake City,United States,EnergySolutions Arena,Needtobreathe,13720.0,896946,13720.0,2,401.0
2011-09-28,Salt Lake City,United States,EnergySolutions Arena,Needtobreathe,13720.0,896946,13720.0,2,503.0
2011-10-01,Atlanta,United States,Philips Arena,Needtobreathe,13122.0,863331,13122.0,2,336.0
2011-10-01,Atlanta,United States,Philips Arena,Needtobreathe,13122.0,863331,13122.0,2,337.0
2011-10-01,Atlanta,United States,Philips Arena,Needtobreathe,13122.0,863331,13122.0,2,384.0
2011-10-01,Atlanta,United States,Philips Arena,Needtobreathe,13122.0,863331,13122.0,2,385.0
2011-10-02,Atlanta,United States,Philips Arena,Needtobreathe,13122.0,863330,13122.0,2,336.0
2011-10-02,Atlanta,United States,Philips Arena,Needtobreathe,13122.0,863330,13122.0,2,337.0
2011-10-02,Atlanta,United States,Philips Arena,Needtobreathe,13122.0,863330,13122.0,2,384.0
2011-10-02,Atlanta,United States,Philips Arena,Needtobreathe,13122.0,863330,13122.0,2,385.0
2011-10-04,North Little Rock,United States,Verizon Arena,Needtobreathe,13566.0,856123,13566.0,2,201.0
2011-10-04,North Little Rock,United States,Verizon Arena,Needtobreathe,13566.0,856123,13566.0,2,338.0
2011-10-05,New Orleans,United States,New Orleans Arena,Needtobreathe,12943.0,830289,12943.0,2,339.0
2011-10-08,Arlington,United States,Cowboys Stadium,Needtobreathe,55451.0,4337062,55451.0,2,340.0
2011-10-08,Arlington,United States,Cowboys Stadium,Needtobreathe,55451.0,4337062,55451.0,2,398.0
2011-10-11,Louisville,United States,KFC Yum! Center,Needtobreathe,14848.0,1003828,14848.0,2,341.0
2011-10-11,Louisville,United States,KFC Yum! Center,Needtobreathe,14848.0,1003828,14848.0,2,391.0
2011-10-11,Louisville,United States,KFC Yum! Center,Needtobreathe,14848.0,1003828,14848.0,2,464.0
2011-10-14,Lubbock,United States,United Spirit Arena,Needtobreathe,10419.0,710426,10419.0,2,342.0
2011-10-15,Oklahoma City,United States,Chesapeake Energy Arena,Needtobreathe,11592.0,758364,11592.0,2,343.0
2011-10-20,San Diego,United States,Valley View Casino Center,Needtobreathe,10834.0,792634,10834.0,2,167.0
2011-10-20,San Diego,United States,Valley View Casino Center,Needtobreathe,10834.0,792634,10834.0,2,344.0
2011-10-20,San Diego,United States,Valley View Casino Center,Needtobreathe,10834.0,792634,10834.0,2,421.0
2011-10-21,Glendale,United States,Jobing.com Arena,Needtobreathe,13515.0,913013,13515.0,2,164.0
2011-10-21,Glendale,United States,Jobing.com Arena,Needtobreathe,13515.0,913013,13515.0,2,345.0
2011-10-21,Glendale,United States,Jobing.com Arena,Needtobreathe,13515.0,913013,13515.0,2,346.0
2011-10-21,Glendale,United States,Jobing.com Arena,Needtobreathe,13515.0,913013,13515.0,2,399.0
2011-10-21,Glendale,United States,Jobing.com Arena,Needtobreathe,13515.0,913013,13515.0,2,400.0
2011-10-22,Glendale,United States,Jobing.com Arena,Needtobreathe,13514.0,913012,13514.0,2,164.0
2011-10-22,Glendale,United States,Jobing.com Arena,Needtobreathe,13514.0,913012,13514.0,2,345.0
2011-10-22,Glendale,United States,Jobing.com Arena,Needtobreathe,13514.0,913012,13514.0,2,346.0
2011-10-22,Glendale,United States,Jobing.com Arena,Needtobreathe,13514.0,913012,13514.0,2,399.0
2011-10-22,Glendale,United States,Jobing.com Arena,Needtobreathe,13514.0,913012,13514.0,2,400.0
2011-10-25,San Antonio,United States,AT&T Center,Needtobreathe,13851.0,901535,13851.0,2,347.0
2011-10-25,San Antonio,United States,AT&T Center,Needtobreathe,13851.0,901535,13851.0,2,397.0
2011-10-26,Austin,United States,Frank Erwin Center,Needtobreathe,11999.0,752078,11999.0,2,223.0
2011-10-26,Austin,United States,Frank Erwin Center,Needtobreathe,11999.0,752078,11999.0,2,348.0
2011-10-26,Austin,United States,Frank Erwin Center,Needtobreathe,11999.0,752078,11999.0,2,396.0
2011-10-29,Lexington,United States,Rupp Arena,Needtobreathe,16237.0,1041935,16237.0,2,241.0
2011-10-29,Lexington,United States,Rupp Arena,Needtobreathe,16237.0,1041935,16237.0,2,349.0
2011-10-29,Lexington,United States,Rupp Arena,Needtobreathe,16237.0,1041935,16237.0,2,389.0
2011-10-29,Lexington,United States,Rupp Arena,Needtobreathe,16237.0,1041935,16237.0,2,526.0
2011-10-30,Memphis,United States,FedExForum,Needtobreathe,12604.0,820036,12604.0,2,350.0
2011-11-05,Houston,United States,Minute Maid Park,Needtobreathe,42095.0,3435756,42095.0,2,351.0
2011-11-05,Houston,United States,Minute Maid Park,Needtobreathe,42095.0,3435756,42095.0,2,506.0
2011-11-11,Jacksonville,United States,Jacksonville Veterans Memorial Arena,Needtobreathe,11785.0,749099,11785.0,2,156.0
2011-11-11,Jacksonville,United States,Jacksonville Veterans Memorial Arena,Needtobreathe,11785.0,749099,11785.0,2,352.0
2011-11-12,Tampa,United States,St. Pete Times Forum,Needtobreathe,13695.0,914300,13695.0,2,220.0
2011-11-12,Tampa,United States,St. Pete Times Forum,Needtobreathe,13695.0,914300,13695.0,2,353.0
2011-11-13,Miami,United States,American Airlines Arena,Needtobreathe,12153.0,786904,12153.0,2,354.0
2011-11-13,Miami,United States,American Airlines Arena,Needtobreathe,12153.0,786904,12153.0,2,381.0
2011-11-13,Miami,United States,American Airlines Arena,Needtobreathe,12153.0,786904,12153.0,2,529.0
2011-11-16,Charlotte,United States,Time Warner Cable Arena,Needtobreathe,14272.0,920903,14272.0,2,195.0
2011-11-16,Charlotte,United States,Time Warner Cable Arena,Needtobreathe,14272.0,920903,14272.0,2,355.0
2011-11-16,Charlotte,United States,Time Warner Cable Arena,Needtobreathe,14272.0,920903,14272.0,2,376.0
2011-11-16,Charlotte,United States,Time Warner Cable Arena,Needtobreathe,14272.0,920903,14272.0,2,467.0
2011-11-17,Raleigh,United States,RBC Center,Needtobreathe,13567.0,866056,13567.0,2,243.0
2011-11-17,Raleigh,United States,RBC Center,Needtobreathe,13567.0,866056,13567.0,2,356.0
2011-11-18,Columbia,United States,Colonial Life Arena,Needtobreathe,12807.0,828231,12807.0,2,242.0
2011-11-18,Columbia,United States,Colonial Life Arena,Needtobreathe,12807.0,828231,12807.0,2,357.0
2011-11-18,Columbia,United States,Colonial Life Arena,Needtobreathe,12807.0,828231,12807.0,2,377.0
2011-11-21,New York City,United States,Madison Square Garden,Needtobreathe,13326.0,994206,13326.0,2,189.0
2011-11-21,New York City,United States,Madison Square Garden,Needtobreathe,13326.0,994206,13326.0,2,358.0
2011-11-21,New York City,United States,Madison Square Garden,Needtobreathe,13326.0,994206,13326.0,2,359.0
2011-11-22,New York City,United States,Madison Square Garden,Needtobreathe,13326.0,994205,13326.0,2,189.0
2011-11-22,New York City,United States,Madison Square Garden,Needtobreathe,13326.0,994205,13326.0,2,358.0
2011-11-22,New York City,United States,Madison Square Garden,Needtobreathe,13326.0,994205,13326.0,2,359.0
2012-03-02,Perth,Australia,Burswood Dome,Hot Chelle Rae,,1878530,,2,360.0
2012-03-04,Adelaide,Australia,Adelaide Entertainment Centre,Hot Chelle Rae,,1075370,,2,218.0
2012-03-04,Adelaide,Australia,Adelaide Entertainment Centre,Hot Chelle Rae,,1075370,,2,361.0
2012-03-04,Adelaide,Australia,Adelaide Entertainment Centre,Hot Chelle Rae,,1075370,,2,538.0
2012-03-04,Adelaide,Australia,Adelaide Entertainment Centre,Hot Chelle Rae,,1075370,,2,539.0
2012-03-06,Brisbane,Australia,Brisbane Entertainment Centre,Hot Chelle Rae,,1208015,,2,212.0
2012-03-06,Brisbane,Australia,Brisbane Entertainment Centre,Hot Chelle Rae,,1208015,,2,362.0
2012-03-06,Brisbane,Australia,Brisbane Entertainment Centre,Hot Chelle Rae,,1208015,,2,363.0
2012-03-07,Brisbane,Australia,Brisbane Entertainment Centre,Hot Chelle Rae,,1208015,,2,212.0
2012-03-07,Brisbane,Australia,Brisbane Entertainment Centre,Hot Chelle Rae,,1208015,,2,362.0
2012-03-07,Brisbane,Australia,Brisbane Entertainment Centre,Hot Chelle Rae,,1208015,,2,363.0
2012-03-09,Sydney,Australia,Allphones Arena,Hot Chelle Rae,,1710180,,2,364.0
2012-03-09,Sydney,Australia,Allphones Arena,Hot Chelle Rae,,1710180,,2,365.0
2012-03-10,Sydney,Australia,Allphones Arena,Hot Chelle Rae,,1710180,,2,364.0
2012-03-10,Sydney,Australia,Allphones Arena,Hot Chelle Rae,,1710180,,2,365.0
2012-03-12,Melbourne,Australia,Rod Laver Arena,Hot Chelle Rae,,1383884,,2,216.0
2012-03-12,Melbourne,Australia,Rod Laver Arena,Hot Chelle Rae,,1383884,,2,217.0
2012-03-12,Melbourne,Australia,Rod Laver Arena,Hot Chelle Rae,,1383884,,2,366.0
2012-03-12,Melbourne,Australia,Rod Laver Arena,Hot Chelle Rae,,1383884,,2,367.0
2012-03-12,Melbourne,Australia,Rod Laver Arena,Hot Chelle Rae,,1383884,,2,368.0
2012-03-13,Melbourne,Australia,Rod Laver Arena,Hot Chelle Rae,,1383883,,2,216.0
2012-03-13,Melbourne,Australia,Rod Laver Arena,Hot Chelle Rae,,1383883,,2,217.0
2012-03-13,Melbourne,Australia,Rod Laver Arena,Hot Chelle Rae,,1383883,,2,366.0
2012-03-13,Melbourne,Australia,Rod Laver Arena,Hot Chelle Rae,,1383883,,2,367.0
2012-03-13,Melbourne,Australia,Rod Laver Arena,Hot Chelle Rae,,1383883,,2,368.0
2012-03-14,Melbourne,Australia,Rod Laver Arena,Hot Chelle Rae,,1383883,,2,216.0
2012-03-14,Melbourne,Australia,Rod Laver Arena,Hot Chelle Rae,,1383883,,2,217.0
2012-03-14,Melbourne,Australia,Rod Laver Arena,Hot Chelle Rae,,1383883,,2,366.0
2012-03-14,Melbourne,Australia,Rod Laver Arena,Hot Chelle Rae,,1383883,,2,367.0
2012-03-14,Melbourne,Australia,Rod Laver Arena,Hot Chelle Rae,,1383883,,2,368.0
2012-03-16,Auckland,New Zealand,Vector Arena,Hot Chelle Rae,,962854,,2,369.0
2012-03-16,Auckland,New Zealand,Vector Arena,Hot Chelle Rae,,962854,,2,370.0
2012-03-16,Auckland,New Zealand,Vector Arena,Hot Chelle Rae,,962854,,2,371.0
2012-03-16,Auckland,New Zealand,Vector Arena,Hot Chelle Rae,,962854,,2,438.0
2012-03-16,Auckland,New Zealand,Vector Arena,Hot Chelle Rae,,962854,,2,439.0
2012-03-16,Auckland,New Zealand,Vector Arena,Hot Chelle Rae,,962854,,2,440.0
2012-03-17,Auckland,New Zealand,Vector Arena,Hot Chelle Rae,,962853,,2,369.0
2012-03-17,Auckland,New Zealand,Vector Arena,Hot Chelle Rae,,962853,,2,370.0
2012-03-17,Auckland,New Zealand,Vector Arena,Hot Chelle Rae,,962853,,2,371.0
2012-03-17,Auckland,New Zealand,Vector Arena,Hot Chelle Rae,,962853,,2,438.0
2012-03-17,Auckland,New Zealand,Vector Arena,Hot Chelle Rae,,962853,,2,439.0
2012-03-17,Auckland,New Zealand,Vector Arena,Hot Chelle Rae,,962853,,2,440.0
2012-03-18,Auckland,New Zealand,Vector Arena,Hot Chelle Rae,,962853,,2,369.0
2012-03-18,Auckland,New Zealand,Vector Arena,Hot Chelle Rae,,962853,,2,370.0
2012-03-18,Auckland,New Zealand,Vector Arena,Hot Chelle Rae,,962853,,2,371.0
2012-03-18,Auckland,New Zealand,Vector Arena,Hot Chelle Rae,,962853,,2,438.0
2012-03-18,Auckland,New Zealand,Vector Arena,Hot Chelle Rae,,962853,,2,439.0
2012-03-18,Auckland,New Zealand,Vector Arena,Hot Chelle Rae,,962853,,2,440.0
